No.,Time,Source,Destination,Protocol,Length,Info,Site,Time Delta,Target
265,3.704037,0,1,1,1510,3,cnn,0.0,sd
266,3.704038,0,1,1,1510,3,cnn,1.000000000139778e-06,sd
267,3.704039,0,1,1,1510,3,cnn,9.999999996956888e-07,sd
268,3.704039,0,1,1,1510,3,cnn,0.0,sd
269,3.70404,0,1,1,1510,3,cnn,1.000000000139778e-06,sd
270,3.704041,0,1,2,1510,2,cnn,1.000000000139778e-06,sd
271,3.704042,0,1,1,1510,3,cnn,9.999999996956888e-07,sd
272,3.704042,0,1,1,1510,3,cnn,0.0,sd
273,3.704043,0,1,1,1510,3,cnn,1.000000000139778e-06,sd
274,3.704044,0,1,1,1510,3,cnn,1.000000000139778e-06,sd
275,3.704045,0,1,1,1510,3,cnn,9.999999996956888e-07,sd
276,3.704045,0,1,1,1510,3,cnn,0.0,sd
277,3.704046,0,1,1,1510,3,cnn,1.000000000139778e-06,sd
278,3.704047,0,1,1,1510,5,cnn,1.000000000139778e-06,sd
279,3.704048,0,1,1,1510,3,cnn,9.999999996956888e-07,sd
280,3.704049,0,1,1,1510,3,cnn,1.000000000139778e-06,sd
281,3.704049,0,1,1,1510,3,cnn,0.0,sd
282,3.70405,0,1,2,1510,2,cnn,1.000000000139778e-06,sd
283,3.704051,0,1,1,1510,3,cnn,1.000000000139778e-06,sd
284,3.704051,0,1,1,1510,3,cnn,0.0,sd
285,3.704052,0,1,1,1510,3,cnn,9.999999996956888e-07,sd
286,3.704053,0,1,1,1510,3,cnn,1.000000000139778e-06,sd
287,3.704053,0,1,1,1510,3,cnn,0.0,sd
288,3.704054,0,1,1,1510,3,cnn,1.000000000139778e-06,sd
289,3.704055,0,1,1,1510,3,cnn,9.999999996956888e-07,sd
290,3.704056,0,1,1,1510,5,cnn,1.000000000139778e-06,sd
291,3.704057,0,1,1,1510,3,cnn,1.000000000139778e-06,sd
292,3.704057,0,1,1,1510,3,cnn,0.0,sd
293,3.704058,0,1,2,1510,2,cnn,9.999999996956888e-07,sd
294,3.704059,0,1,1,1510,3,cnn,1.000000000139778e-06,sd
295,3.70406,0,1,1,1510,3,cnn,1.000000000139778e-06,sd
296,3.70406,0,1,1,1510,3,cnn,0.0,sd
297,3.704061,0,1,1,1510,3,cnn,9.999999996956888e-07,sd
298,3.704062,0,1,1,1510,3,cnn,1.000000000139778e-06,sd
299,3.704062,0,1,1,1510,3,cnn,0.0,sd
300,3.704063,0,1,1,1510,3,cnn,1.000000000139778e-06,sd
301,3.704064,0,1,1,1510,3,cnn,9.999999996956888e-07,sd
302,3.704065,0,1,1,1510,3,cnn,1.000000000139778e-06,sd
303,3.704066,0,1,1,1510,3,cnn,1.000000000139778e-06,sd
304,3.704067,0,1,1,1510,3,cnn,1.000000000139778e-06,sd
