No.,Time,Source,Destination,Protocol,Length,Info,Site,Time Delta,Target
357,5.682426,0,1,3,1421,2,discord,1.000000000139778e-06,sud
358,5.682427,0,1,1,1514,3,discord,9.999999992515995e-07,sud
359,5.682427,0,1,1,1514,3,discord,0.0,sud
360,5.682428,0,1,3,1514,2,discord,1.000000000139778e-06,sud
361,5.682429,0,1,1,1514,3,discord,1.000000000139778e-06,sud
362,5.68243,0,1,1,1514,3,discord,1.000000000139778e-06,sud
363,5.682431,0,1,3,1328,2,discord,1.000000000139778e-06,sud
364,5.682432,0,1,1,1514,3,discord,1.000000000139778e-06,sud
365,5.682432,0,1,1,1514,3,discord,0.0,sud
366,5.682433,0,1,3,1514,2,discord,9.999999992515995e-07,sud
367,5.682434,0,1,1,1514,3,discord,1.000000000139778e-06,sud
368,5.682434,0,1,1,1514,3,discord,0.0,sud
369,5.682435,0,1,1,1514,3,discord,1.000000000139778e-06,sud
370,5.682435,0,1,1,1514,3,discord,0.0,sud
371,5.682436,0,1,1,1514,3,discord,1.000000000139778e-06,sud
372,5.682437,0,1,1,1514,3,discord,1.000000000139778e-06,sud
373,5.682437,0,1,1,1514,3,discord,0.0,sud
374,5.682438,0,1,1,1514,3,discord,1.000000000139778e-06,sud
375,5.682439,0,1,3,70,2,discord,9.999999992515995e-07,sud
376,5.68244,0,1,1,1514,3,discord,1.000000000139778e-06,sud
377,5.682441,0,1,1,1514,3,discord,1.000000000139778e-06,sud
378,5.682442,0,1,1,1514,3,discord,1.000000000139778e-06,sud
379,5.682443,0,1,1,1514,3,discord,1.000000000139778e-06,sud
380,5.682443,0,1,1,1514,3,discord,0.0,sud
381,5.682444,0,1,1,1514,3,discord,1.000000000139778e-06,sud
382,5.682445,0,1,1,1514,3,discord,1.000000000139778e-06,sud
383,5.682446,0,1,1,1514,3,discord,9.999999992515995e-07,sud
384,5.682447,0,1,1,1514,3,discord,1.000000000139778e-06,sud
385,5.682447,0,1,1,1514,3,discord,0.0,sud
386,5.682448,0,1,1,1514,3,discord,1.000000000139778e-06,sud
387,5.682449,0,1,3,1514,2,discord,1.000000000139778e-06,sud
388,5.68245,0,1,1,1514,3,discord,1.000000000139778e-06,sud
389,5.682451,0,1,1,1514,3,discord,1.000000000139778e-06,sud
390,5.682452,0,1,1,1514,3,discord,9.999999992515995e-07,sud
391,5.682452,0,1,1,1514,3,discord,0.0,sud
392,5.682453,0,1,1,1514,3,discord,1.000000000139778e-06,sud
393,5.682453,0,1,1,1514,3,discord,0.0,sud
394,5.682454,0,1,1,1514,3,discord,1.000000000139778e-06,sud
395,5.682455,0,1,1,1514,3,discord,1.000000000139778e-06,sud
396,5.682456,0,1,1,1514,3,discord,1.000000000139778e-06,sud
