No.,Time,Source,Destination,Protocol,Length,Info,Site,Time Delta,Target
2625,9.530339,0,1,2,1514,2,discord,9.999999992515995e-07,sud
2626,9.530341,0,1,1,1514,3,discord,2.000000000279556e-06,sud
2627,9.530342,0,1,1,1514,3,discord,9.999999992515995e-07,sud
2628,9.530343,0,1,1,1514,3,discord,1.0000000010279564e-06,sud
2629,9.530344,0,1,1,1514,3,discord,9.999999992515995e-07,sud
2630,9.530345,0,1,1,1514,3,discord,1.0000000010279564e-06,sud
2631,9.530346,0,1,1,1514,3,discord,9.999999992515995e-07,sud
2632,9.530348,0,1,1,1514,3,discord,2.000000000279556e-06,sud
2633,9.53035,0,1,1,1514,3,discord,2.000000000279556e-06,sud
2634,9.530353,0,1,1,1514,5,discord,2.9999999995311555e-06,sud
2635,9.530354,0,1,1,1514,3,discord,1.0000000010279564e-06,sud
2636,9.530472,1,0,1,66,3,discord,0.00011799999999873023,sud
2637,9.532598,0,1,2,1514,2,discord,0.0021260000000005164,sud
2638,9.5326,0,1,1,1514,3,discord,2.000000000279556e-06,sud
2639,9.532601,0,1,1,1514,3,discord,9.999999992515995e-07,sud
2640,9.532601,0,1,1,1514,3,discord,0.0,sud
2641,9.532602,0,1,1,1514,3,discord,1.0000000010279564e-06,sud
2642,9.532603,0,1,1,1514,3,discord,9.999999992515995e-07,sud
2643,9.532604,0,1,1,1514,3,discord,9.999999992515995e-07,sud
2644,9.532605,0,1,1,1514,3,discord,1.0000000010279564e-06,sud
2645,9.532605,0,1,1,1514,3,discord,0.0,sud
2646,9.532606,0,1,1,1514,3,discord,9.999999992515995e-07,sud
2647,9.532607,0,1,1,1514,3,discord,1.0000000010279564e-06,sud
2648,9.532608,0,1,2,1514,2,discord,9.999999992515995e-07,sud
2649,9.532608,0,1,1,1514,3,discord,0.0,sud
2650,9.532609,0,1,1,1514,3,discord,1.0000000010279564e-06,sud
2651,9.53261,0,1,1,1514,3,discord,9.999999992515995e-07,sud
2652,9.53261,0,1,1,1514,3,discord,0.0,sud
2653,9.532611,0,1,1,1514,3,discord,9.999999992515995e-07,sud
2654,9.532612,0,1,1,1514,3,discord,1.0000000010279564e-06,sud
2655,9.532613,0,1,2,667,2,discord,9.999999992515995e-07,sud
2656,9.532733,1,0,1,66,3,discord,0.00012000000000078614,sud
2657,9.97674,1,0,3,184,2,discord,0.44400699999999915,sud
2658,10.00281,1,0,3,183,2,discord,0.026070000000000704,sud
2659,10.00963,0,1,3,426,2,discord,0.006819999999999382,sud
2660,10.009632,0,1,1,1514,3,discord,2.000000000279556e-06,sud
2661,10.009634,0,1,3,1369,2,discord,2.000000000279556e-06,sud
2662,10.009635,0,1,3,97,2,discord,9.999999992515995e-07,sud
2663,10.00976,1,0,1,66,3,discord,0.00012500000000059686,sud
2664,10.009901,1,0,1,66,16,discord,0.0001409999999992806,sud
