No.,Time,Source,Destination,Protocol,Length,Info,Site,Time Delta,Target
1533,6.754776,0,1,1,1514,3,discord,9.999999992515995e-07,sud
1534,6.754777,0,1,1,1514,3,discord,1.000000000139778e-06,sud
1535,6.754778,0,1,3,1514,2,discord,1.000000000139778e-06,sud
1536,6.754779,0,1,1,1514,3,discord,1.000000000139778e-06,sud
1537,6.75478,0,1,1,1514,3,discord,1.000000000139778e-06,sud
1538,6.754781,0,1,1,1514,3,discord,1.000000000139778e-06,sud
1539,6.754782,0,1,1,1514,3,discord,9.999999992515995e-07,sud
1540,6.754783,0,1,1,1514,3,discord,1.000000000139778e-06,sud
1541,6.754783,0,1,1,1514,3,discord,0.0,sud
1542,6.754784,0,1,1,1514,3,discord,1.000000000139778e-06,sud
1543,6.754785,0,1,1,1514,3,discord,1.000000000139778e-06,sud
1544,6.754786,0,1,1,1514,3,discord,1.000000000139778e-06,sud
1545,6.754787,0,1,1,1514,3,discord,1.000000000139778e-06,sud
1546,6.754788,0,1,1,1514,3,discord,9.999999992515995e-07,sud
1547,6.75479,0,1,3,94,2,discord,2.000000000279556e-06,sud
1548,6.75479,0,1,1,1514,3,discord,0.0,sud
1549,6.754901,1,0,1,66,3,discord,0.00011100000000041632,sud
1550,6.756802,0,1,1,1514,3,discord,0.0019010000000001526,sud
1551,6.756803,0,1,1,1514,3,discord,9.999999992515995e-07,sud
1552,6.756804,0,1,1,1514,3,discord,1.000000000139778e-06,sud
1553,6.756805,0,1,1,1514,3,discord,1.000000000139778e-06,sud
1554,6.756805,0,1,1,1514,3,discord,0.0,sud
1555,6.756806,0,1,1,1514,3,discord,1.000000000139778e-06,sud
1556,6.756807,0,1,1,1514,3,discord,1.000000000139778e-06,sud
1557,6.756807,0,1,1,1514,3,discord,0.0,sud
1558,6.756808,0,1,1,1514,3,discord,1.000000000139778e-06,sud
1559,6.756809,0,1,1,1514,3,discord,9.999999992515995e-07,sud
1560,6.756809,0,1,3,602,2,discord,0.0,sud
1561,6.756809,0,1,1,1514,3,discord,0.0,sud
1562,6.75681,0,1,1,1514,3,discord,1.000000000139778e-06,sud
1563,6.756811,0,1,1,1514,3,discord,1.000000000139778e-06,sud
1564,6.756811,0,1,1,1514,3,discord,0.0,sud
1565,6.756812,0,1,1,1514,3,discord,1.000000000139778e-06,sud
1566,6.756812,0,1,1,1514,3,discord,0.0,sud
1567,6.756813,0,1,1,1514,3,discord,1.000000000139778e-06,sud
1568,6.756814,0,1,1,1514,3,discord,1.000000000139778e-06,sud
1569,6.756814,0,1,1,1514,3,discord,0.0,sud
1570,6.756815,0,1,1,1514,3,discord,9.999999992515995e-07,sud
1571,6.756815,0,1,1,1514,3,discord,0.0,sud
1572,6.756816,0,1,3,1514,2,discord,1.000000000139778e-06,sud
