No.,Time,Source,Destination,Protocol,Length,Info,Site,Time Delta,Target
2585,9.529265,0,1,1,1514,3,discord,1.0000000010279564e-06,sud
2586,9.529266,0,1,1,1514,3,discord,9.999999992515995e-07,sud
2587,9.529266,0,1,1,1514,3,discord,0.0,sud
2588,9.529267,0,1,1,1514,3,discord,1.0000000010279564e-06,sud
2589,9.529267,0,1,2,110,2,discord,0.0,sud
2590,9.529268,0,1,2,1514,2,discord,9.999999992515995e-07,sud
2591,9.529269,0,1,1,1514,3,discord,9.999999992515995e-07,sud
2592,9.529269,0,1,1,1514,3,discord,0.0,sud
2593,9.52927,0,1,1,1514,3,discord,1.0000000010279564e-06,sud
2594,9.529271,0,1,1,1514,3,discord,9.999999992515995e-07,sud
2595,9.529271,0,1,1,1514,3,discord,0.0,sud
2596,9.529272,0,1,1,1514,3,discord,1.0000000010279564e-06,sud
2597,9.529273,0,1,1,1514,3,discord,9.999999992515995e-07,sud
2598,9.529273,0,1,1,1514,3,discord,0.0,sud
2599,9.529274,0,1,1,1514,3,discord,9.999999992515995e-07,sud
2600,9.529274,0,1,1,1514,3,discord,0.0,sud
2601,9.529275,0,1,2,1514,2,discord,1.0000000010279564e-06,sud
2602,9.529275,0,1,1,1514,3,discord,0.0,sud
2603,9.529276,0,1,1,1514,3,discord,9.999999992515995e-07,sud
2604,9.529277,0,1,1,1514,3,discord,1.0000000010279564e-06,sud
2605,9.529278,0,1,1,1514,3,discord,9.999999992515995e-07,sud
2606,9.529278,0,1,1,1514,3,discord,0.0,sud
2607,9.529279,0,1,1,1514,3,discord,1.0000000010279564e-06,sud
2608,9.529279,0,1,1,1514,3,discord,0.0,sud
2609,9.52928,0,1,1,1514,3,discord,9.999999992515995e-07,sud
2610,9.529281,0,1,1,1514,3,discord,9.999999992515995e-07,sud
2611,9.529281,0,1,1,1514,3,discord,0.0,sud
2612,9.529282,0,1,2,1514,2,discord,1.0000000010279564e-06,sud
2613,9.529283,0,1,1,1514,3,discord,9.999999992515995e-07,sud
2614,9.529283,0,1,1,1514,3,discord,0.0,sud
2615,9.529284,0,1,1,1514,3,discord,1.0000000010279564e-06,sud
2616,9.529284,0,1,1,1514,3,discord,0.0,sud
2617,9.529285,0,1,1,1514,3,discord,9.999999992515995e-07,sud
2618,9.529286,0,1,1,1514,3,discord,1.0000000010279564e-06,sud
2619,9.529503,1,0,1,66,3,discord,0.00021699999999924557,sud
2620,9.530333,0,1,1,1514,3,discord,0.0008300000000005525,sud
2621,9.530334,0,1,1,1514,3,discord,9.999999992515995e-07,sud
2622,9.530335,0,1,1,1514,3,discord,9.999999992515995e-07,sud
2623,9.530337,0,1,1,1514,3,discord,2.000000000279556e-06,sud
2624,9.530338,0,1,1,1514,3,discord,1.0000000010279564e-06,sud
