No.,Time,Source,Destination,Protocol,Length,Info,Site,Time Delta,Target
121,4.499962,0,1,1,1514,3,discord,0.0,sud
122,4.499962,0,1,1,1514,3,discord,0.0,sud
123,4.499962,0,1,1,1514,3,discord,0.0,sud
124,4.499962,0,1,1,1514,3,discord,0.0,sud
125,4.499962,0,1,1,1514,3,discord,0.0,sud
126,4.499962,0,1,1,1514,3,discord,0.0,sud
127,4.499962,0,1,1,1514,3,discord,0.0,sud
128,4.499962,0,1,1,1514,3,discord,0.0,sud
129,4.499962,0,1,2,1514,2,discord,0.0,sud
130,4.499962,0,1,1,1514,3,discord,0.0,sud
131,4.499962,0,1,1,1514,3,discord,0.0,sud
132,4.499962,0,1,1,1514,3,discord,0.0,sud
133,4.499962,0,1,1,1514,3,discord,0.0,sud
134,4.499962,0,1,1,1514,3,discord,0.0,sud
135,4.499962,0,1,1,1514,3,discord,0.0,sud
136,4.499962,0,1,1,1514,3,discord,0.0,sud
137,4.499962,0,1,1,1514,3,discord,0.0,sud
138,4.499962,0,1,1,1514,3,discord,0.0,sud
139,4.499962,0,1,1,1514,3,discord,0.0,sud
140,4.499962,0,1,2,1514,2,discord,0.0,sud
141,4.499962,0,1,1,1514,3,discord,0.0,sud
142,4.499962,0,1,1,1514,3,discord,0.0,sud
143,4.499962,0,1,1,1514,3,discord,0.0,sud
144,4.500112,0,1,1,1514,3,discord,0.0001499999999996504,sud
145,4.500112,0,1,1,1514,3,discord,0.0,sud
146,4.500114,1,0,1,54,3,discord,2.000000000279556e-06,sud
147,4.500112,0,1,1,1514,3,discord,-2.000000000279556e-06,sud
148,4.500112,0,1,1,1514,3,discord,0.0,sud
149,4.500112,0,1,1,1514,3,discord,0.0,sud
150,4.500112,0,1,1,1514,3,discord,0.0,sud
151,4.500112,0,1,1,1514,5,discord,0.0,sud
152,4.500112,0,1,1,1514,3,discord,0.0,sud
153,4.500112,0,1,2,1514,2,discord,0.0,sud
154,4.500112,0,1,1,1514,3,discord,0.0,sud
155,4.500112,0,1,1,1514,3,discord,0.0,sud
156,4.500112,0,1,1,1514,3,discord,0.0,sud
157,4.500173,1,0,1,54,3,discord,6.100000000053285e-05,sud
158,4.500226,0,1,2,884,2,discord,5.2999999999414626e-05,sud
159,4.546667,1,0,1,54,3,discord,0.04644100000000062,sud
160,4.556939,0,1,1,60,3,discord,0.010271999999999615,sud
