No.,Time,Source,Destination,Protocol,Length,Info,Site,Time Delta,Target
2793,10.770281,0,1,1,1514,3,discord,1.0000000010279564e-06,sud
2794,10.770281,0,1,1,1514,3,discord,0.0,sud
2795,10.770282,0,1,3,1514,2,discord,9.999999992515995e-07,sud
2796,10.770283,0,1,1,1514,3,discord,9.999999992515995e-07,sud
2797,10.770283,0,1,1,1514,3,discord,0.0,sud
2798,10.770284,0,1,1,1514,3,discord,1.0000000010279564e-06,sud
2799,10.770284,0,1,1,1514,3,discord,0.0,sud
2800,10.770285,0,1,1,1514,3,discord,9.999999992515995e-07,sud
2801,10.770286,0,1,1,1514,3,discord,1.0000000010279564e-06,sud
2802,10.770287,0,1,1,1514,3,discord,9.999999992515995e-07,sud
2803,10.770288,0,1,1,1514,3,discord,1.0000000010279564e-06,sud
2804,10.770289,0,1,1,1514,3,discord,9.999999992515995e-07,sud
2805,10.77029,0,1,1,1514,3,discord,9.999999992515995e-07,sud
2806,10.77029,0,1,3,1514,2,discord,0.0,sud
2807,10.770291,0,1,1,1514,3,discord,1.0000000010279564e-06,sud
2808,10.770292,0,1,1,1514,3,discord,9.999999992515995e-07,sud
2809,10.770293,0,1,1,1514,3,discord,1.0000000010279564e-06,sud
2810,10.770294,0,1,1,1514,3,discord,9.999999992515995e-07,sud
2811,10.770294,0,1,1,1514,3,discord,0.0,sud
2812,10.770295,0,1,1,1514,3,discord,1.0000000010279564e-06,sud
2813,10.770296,0,1,1,1514,3,discord,9.999999992515995e-07,sud
2814,10.770296,0,1,1,1514,3,discord,0.0,sud
2815,10.770297,0,1,1,1514,3,discord,9.999999992515995e-07,sud
2816,10.770298,0,1,1,1514,3,discord,1.0000000010279564e-06,sud
2817,10.770299,0,1,1,1514,5,discord,9.999999992515995e-07,sud
2818,10.7703,0,1,3,1514,2,discord,1.0000000010279564e-06,sud
2819,10.7703,0,1,1,1514,3,discord,0.0,sud
2820,10.770301,0,1,1,1514,3,discord,9.999999992515995e-07,sud
2821,10.770302,0,1,1,1514,3,discord,9.999999992515995e-07,sud
2822,10.770303,0,1,1,1514,3,discord,1.0000000010279564e-06,sud
2823,10.770303,0,1,1,1514,3,discord,0.0,sud
2824,10.770304,0,1,1,1514,3,discord,9.999999992515995e-07,sud
2825,10.770305,0,1,1,1514,3,discord,1.0000000010279564e-06,sud
2826,10.770306,0,1,1,1514,3,discord,9.999999992515995e-07,sud
2827,10.770307,0,1,1,1514,3,discord,1.0000000010279564e-06,sud
2828,10.770307,0,1,1,1514,3,discord,0.0,sud
2829,10.770308,0,1,3,1514,2,discord,9.999999992515995e-07,sud
2830,10.770309,0,1,1,1514,3,discord,9.999999992515995e-07,sud
2831,10.770309,0,1,1,1514,3,discord,0.0,sud
2832,10.77031,0,1,1,1514,3,discord,1.0000000010279564e-06,sud
