No.,Time,Source,Destination,Protocol,Length,Info,Site,Time Delta,Target
248,6.603655,0,1,1,1514,3,discord,1.000000000139778e-06,sud
249,6.603656,0,1,1,1514,3,discord,1.000000000139778e-06,sud
250,6.603657,0,1,1,1514,3,discord,1.000000000139778e-06,sud
251,6.603658,0,1,1,1514,3,discord,1.000000000139778e-06,sud
252,6.603659,0,1,1,1514,3,discord,1.000000000139778e-06,sud
253,6.603661,0,1,1,1514,3,discord,1.9999999993913775e-06,sud
254,6.603662,0,1,2,1514,2,discord,1.000000000139778e-06,sud
255,6.603663,0,1,1,1514,3,discord,1.000000000139778e-06,sud
256,6.603664,0,1,1,1514,3,discord,1.000000000139778e-06,sud
257,6.603665,0,1,1,1514,3,discord,1.000000000139778e-06,sud
258,6.603666,0,1,1,1514,3,discord,9.999999992515995e-07,sud
259,6.603667,0,1,1,1514,3,discord,1.000000000139778e-06,sud
260,6.603668,0,1,1,1514,3,discord,1.000000000139778e-06,sud
261,6.603669,0,1,1,1514,3,discord,1.000000000139778e-06,sud
262,6.603669,0,1,1,1514,3,discord,0.0,sud
263,6.603671,0,1,1,1514,3,discord,2.000000000279556e-06,sud
264,6.603672,0,1,1,1514,3,discord,1.000000000139778e-06,sud
265,6.603673,0,1,2,1514,2,discord,9.999999992515995e-07,sud
266,6.603674,0,1,1,1514,3,discord,1.000000000139778e-06,sud
267,6.603921,1,0,1,66,3,discord,0.0002469999999998862,sud
268,6.607253,0,1,1,1514,3,discord,0.0033320000000003347,sud
269,6.607254,0,1,1,1514,3,discord,1.000000000139778e-06,sud
270,6.607255,0,1,1,1514,3,discord,1.000000000139778e-06,sud
271,6.607256,0,1,1,1514,3,discord,9.999999992515995e-07,sud
272,6.607257,0,1,1,1514,3,discord,1.000000000139778e-06,sud
273,6.607259,0,1,1,1514,3,discord,2.000000000279556e-06,sud
274,6.60726,0,1,1,1514,3,discord,1.000000000139778e-06,sud
275,6.607261,0,1,1,1514,3,discord,1.000000000139778e-06,sud
276,6.607262,0,1,1,1514,3,discord,1.000000000139778e-06,sud
277,6.607263,0,1,2,1514,2,discord,9.999999992515995e-07,sud
278,6.607264,0,1,1,1514,3,discord,1.000000000139778e-06,sud
279,6.607265,0,1,1,1514,3,discord,1.000000000139778e-06,sud
280,6.607266,0,1,1,1514,3,discord,1.000000000139778e-06,sud
281,6.607267,0,1,1,1514,3,discord,1.000000000139778e-06,sud
282,6.607268,0,1,1,1514,3,discord,1.000000000139778e-06,sud
283,6.607269,0,1,1,1514,3,discord,9.999999992515995e-07,sud
284,6.60727,0,1,1,1514,3,discord,1.000000000139778e-06,sud
285,6.60727,0,1,1,1514,3,discord,0.0,sud
286,6.607271,0,1,1,1514,3,discord,1.000000000139778e-06,sud
287,6.607272,0,1,1,1514,3,discord,1.000000000139778e-06,sud
