No.,Time,Source,Destination,Protocol,Length,Info,Site,Time Delta,Target
361,23.747534,0,1,1,1514,3,discord,0.0,sud
362,23.747534,0,1,1,1514,3,discord,0.0,sud
363,23.747534,0,1,1,1514,3,discord,0.0,sud
364,23.747534,0,1,1,1514,3,discord,0.0,sud
365,23.747534,0,1,1,1514,3,discord,0.0,sud
366,23.747534,0,1,1,1514,3,discord,0.0,sud
367,23.747534,0,1,2,1088,2,discord,0.0,sud
368,23.747534,0,1,1,1514,3,discord,0.0,sud
369,23.747534,0,1,1,1514,3,discord,0.0,sud
370,23.747638,1,0,1,54,3,discord,0.00010399999999677334,sud
371,23.747689,0,1,1,1514,3,discord,5.1000000002687784e-05,sud
372,23.747689,0,1,1,1514,3,discord,0.0,sud
373,23.747689,0,1,1,1514,3,discord,0.0,sud
374,23.747689,0,1,1,1514,3,discord,0.0,sud
375,23.747689,0,1,1,1514,3,discord,0.0,sud
376,23.747689,0,1,1,1514,3,discord,0.0,sud
377,23.747689,0,1,1,1514,3,discord,0.0,sud
378,23.747689,0,1,1,1514,3,discord,0.0,sud
379,23.747689,0,1,1,1514,3,discord,0.0,sud
380,23.747689,0,1,2,1514,2,discord,0.0,sud
381,23.747689,0,1,1,1514,3,discord,0.0,sud
382,23.747689,0,1,1,1514,3,discord,0.0,sud
383,23.747689,0,1,2,1514,2,discord,0.0,sud
384,23.747739,1,0,1,54,3,discord,4.9999999998107114e-05,sud
385,23.748054,0,1,1,1514,3,discord,0.0003150000000005093,sud
386,23.748054,0,1,1,1514,3,discord,0.0,sud
387,23.748054,0,1,1,1514,3,discord,0.0,sud
388,23.748054,0,1,1,1514,3,discord,0.0,sud
389,23.748054,0,1,1,1514,3,discord,0.0,sud
390,23.748054,0,1,1,1514,3,discord,0.0,sud
391,23.748054,0,1,1,1514,3,discord,0.0,sud
392,23.748054,0,1,2,1514,2,discord,0.0,sud
393,23.748054,0,1,1,1514,3,discord,0.0,sud
394,23.748054,0,1,1,1514,3,discord,0.0,sud
395,23.748054,0,1,1,1514,3,discord,0.0,sud
396,23.748054,0,1,1,1514,3,discord,0.0,sud
397,23.748054,0,1,1,1514,3,discord,0.0,sud
398,23.748054,0,1,2,1514,2,discord,0.0,sud
399,23.748054,0,1,2,891,2,discord,0.0,sud
400,23.748153,1,0,1,54,3,discord,9.899999999873899e-05,sud
