No.,Time,Source,Destination,Protocol,Length,Info,Site,Time Delta,Target
41,0.115326,0,1,0,1054,1,wpbeginner,0.0,sd
42,0.115968,1,0,0,86,1,wpbeginner,0.0006420000000000037,sd
43,0.120716,1,0,0,87,1,wpbeginner,0.004748000000000002,sd
44,0.12187,0,1,0,1242,1,wpbeginner,0.0011540000000000022,sd
45,0.121971,0,1,0,941,1,wpbeginner,0.00010099999999998999,sd
46,0.134246,1,0,0,87,1,wpbeginner,0.012275000000000008,sd
47,0.970446,1,0,0,1165,1,wpbeginner,0.8362,sd
48,0.986847,0,1,0,68,1,wpbeginner,0.016401,sd
49,1.018274,0,1,0,377,1,wpbeginner,0.03142699999999987,sd
50,1.020293,0,1,0,1242,1,wpbeginner,0.002018999999999993,sd
51,1.020293,0,1,0,1242,1,wpbeginner,0.0,sd
52,1.020293,0,1,0,1242,1,wpbeginner,0.0,sd
53,1.020956,0,1,0,1242,1,wpbeginner,0.0006630000000000802,sd
54,1.020956,0,1,0,1242,1,wpbeginner,0.0,sd
55,1.020956,0,1,0,1242,1,wpbeginner,0.0,sd
56,1.020956,0,1,0,1242,1,wpbeginner,0.0,sd
57,1.020956,0,1,0,224,1,wpbeginner,0.0,sd
58,1.020956,0,1,0,1242,1,wpbeginner,0.0,sd
59,1.020956,0,1,0,1242,1,wpbeginner,0.0,sd
60,1.020956,0,1,0,1242,1,wpbeginner,0.0,sd
61,1.020956,0,1,0,1242,1,wpbeginner,0.0,sd
62,1.020956,0,1,0,1242,1,wpbeginner,0.0,sd
63,1.02122,1,0,0,86,1,wpbeginner,0.000264000000000042,sd
64,1.021813,0,1,0,529,1,wpbeginner,0.0005930000000000657,sd
65,1.021813,0,1,0,1242,1,wpbeginner,0.0,sd
66,1.021813,0,1,0,1242,1,wpbeginner,0.0,sd
67,1.021813,0,1,0,1242,1,wpbeginner,0.0,sd
68,1.021813,0,1,0,1242,1,wpbeginner,0.0,sd
69,1.021813,0,1,0,1242,1,wpbeginner,0.0,sd
70,1.022036,1,0,0,86,1,wpbeginner,0.0002229999999998622,sd
71,1.02283,0,1,0,1192,1,wpbeginner,0.0007939999999999614,sd
72,1.02283,0,1,0,1242,1,wpbeginner,0.0,sd
73,1.02283,0,1,0,1242,1,wpbeginner,0.0,sd
74,1.02283,0,1,0,1242,1,wpbeginner,0.0,sd
75,1.02283,0,1,0,1242,1,wpbeginner,0.0,sd
76,1.02283,0,1,0,1242,1,wpbeginner,0.0,sd
77,1.023466,0,1,0,673,1,wpbeginner,0.0006360000000000809,sd
78,1.023466,0,1,0,1242,1,wpbeginner,0.0,sd
79,1.023466,0,1,0,1242,1,wpbeginner,0.0,sd
80,1.023466,0,1,0,1242,1,wpbeginner,0.0,sd
