No.,Time,Source,Destination,Protocol,Length,Info,Site,Time Delta,Target
161,3.517527,1,0,0,86,1,wpbeginner,0.00014300000000000423,sd
162,3.517588,0,1,0,698,1,wpbeginner,6.100000000008876e-05,sd
163,3.524622,1,0,0,87,1,wpbeginner,0.007033999999999985,sd
164,3.529892,0,1,0,1242,1,wpbeginner,0.005269999999999886,sd
165,3.530286,0,1,0,1242,1,wpbeginner,0.00039400000000000546,sd
166,3.530286,0,1,0,1242,1,wpbeginner,0.0,sd
167,3.530623,0,1,0,1242,1,wpbeginner,0.0003370000000000317,sd
168,3.530623,0,1,0,1242,1,wpbeginner,0.0,sd
169,3.530623,0,1,0,1242,1,wpbeginner,0.0,sd
170,3.530623,0,1,0,1242,1,wpbeginner,0.0,sd
171,3.530983,0,1,0,1242,1,wpbeginner,0.000360000000000138,sd
172,3.530983,0,1,0,476,1,wpbeginner,0.0,sd
173,3.533019,0,1,0,1242,1,wpbeginner,0.0020359999999999268,sd
174,3.533184,0,1,0,1242,1,wpbeginner,0.00016499999999997073,sd
175,3.533184,0,1,0,1242,1,wpbeginner,0.0,sd
176,3.53321,1,0,0,86,1,wpbeginner,2.6000000000081513e-05,sd
177,3.533461,0,1,0,1242,1,wpbeginner,0.0002510000000000012,sd
178,3.533461,0,1,0,1242,1,wpbeginner,0.0,sd
179,3.533461,0,1,0,1242,1,wpbeginner,0.0,sd
180,3.533461,0,1,0,1242,1,wpbeginner,0.0,sd
181,3.534626,0,1,0,1242,1,wpbeginner,0.0011649999999998606,sd
182,3.534626,0,1,0,609,1,wpbeginner,0.0,sd
183,3.53726,1,0,0,87,1,wpbeginner,0.002634000000000025,sd
184,3.538135,1,0,0,1069,1,wpbeginner,0.0008750000000001812,sd
185,3.538238,1,0,0,1162,1,wpbeginner,0.00010300000000018628,sd
186,3.554378,0,1,0,67,1,wpbeginner,0.0161399999999996,sd
187,3.560339,0,1,0,211,1,wpbeginner,0.005961000000000105,sd
188,3.566684,1,0,0,87,1,wpbeginner,0.006345000000000045,sd
189,3.6283,1,0,0,1285,1,wpbeginner,0.06161599999999989,sd
190,3.628399,1,0,0,1292,1,wpbeginner,9.900000000007125e-05,sd
191,3.628428,1,0,0,348,1,wpbeginner,2.9000000000056758e-05,sd
192,3.633273,1,0,0,1138,1,wpbeginner,0.004844999999999988,sd
193,3.645088,0,1,0,67,1,wpbeginner,0.011814999999999909,sd
194,3.646359,0,1,0,211,1,wpbeginner,0.0012710000000000221,sd
195,3.649178,0,1,0,68,1,wpbeginner,0.002819000000000127,sd
196,3.65657,1,0,0,87,1,wpbeginner,0.007391999999999843,sd
197,3.668285,0,1,0,1242,1,wpbeginner,0.011715000000000142,sd
198,3.669382,0,1,0,1242,1,wpbeginner,0.0010970000000001257,sd
199,3.669382,0,1,0,1242,1,wpbeginner,0.0,sd
200,3.671123,0,1,0,1242,1,wpbeginner,0.0017409999999999926,sd
