No.,Time,Source,Destination,Protocol,Length,Info,Site,Time Delta,Target
161,2.250213,0,1,0,1242,1,wpbeginner,0.0,sd
162,2.250213,0,1,0,1242,1,wpbeginner,0.0,sd
163,2.250213,0,1,0,1242,1,wpbeginner,0.0,sd
164,2.250213,0,1,0,1242,1,wpbeginner,0.0,sd
165,2.250213,0,1,0,1242,1,wpbeginner,0.0,sd
166,2.250213,0,1,0,1242,1,wpbeginner,0.0,sd
167,2.250213,0,1,0,1242,1,wpbeginner,0.0,sd
168,2.250213,0,1,0,1242,1,wpbeginner,0.0,sd
169,2.250213,0,1,0,1242,1,wpbeginner,0.0,sd
170,2.250213,0,1,0,1242,1,wpbeginner,0.0,sd
171,2.250213,0,1,0,1242,1,wpbeginner,0.0,sd
172,2.250213,0,1,0,1242,1,wpbeginner,0.0,sd
173,2.250213,0,1,0,1242,1,wpbeginner,0.0,sd
174,2.250213,0,1,0,882,1,wpbeginner,0.0,sd
175,2.250584,1,0,0,86,1,wpbeginner,0.0003709999999998992,sd
176,2.250753,1,0,0,86,1,wpbeginner,0.00016900000000008575,sd
177,2.250873,1,0,0,86,1,wpbeginner,0.00011999999999989797,sd
178,2.25948,1,0,0,87,1,wpbeginner,0.008607000000000031,sd
179,2.266487,0,1,0,1242,1,wpbeginner,0.0070070000000002075,sd
180,2.26708,0,1,0,1242,1,wpbeginner,0.0005929999999998437,sd
181,2.26708,0,1,0,1242,1,wpbeginner,0.0,sd
182,2.267231,0,1,0,1242,1,wpbeginner,0.00015100000000023428,sd
183,2.267231,0,1,0,1242,1,wpbeginner,0.0,sd
184,2.267231,0,1,0,1242,1,wpbeginner,0.0,sd
185,2.267231,0,1,0,1242,1,wpbeginner,0.0,sd
186,2.267231,0,1,0,1242,1,wpbeginner,0.0,sd
187,2.267231,0,1,0,1242,1,wpbeginner,0.0,sd
188,2.267231,0,1,0,1242,1,wpbeginner,0.0,sd
189,2.267231,0,1,0,1242,1,wpbeginner,0.0,sd
190,2.267426,1,0,0,86,1,wpbeginner,0.00019499999999972317,sd
191,2.268136,0,1,0,1242,1,wpbeginner,0.0007100000000002105,sd
192,2.268136,0,1,0,1242,1,wpbeginner,0.0,sd
193,2.268136,0,1,0,1242,1,wpbeginner,0.0,sd
194,2.268136,0,1,0,1242,1,wpbeginner,0.0,sd
195,2.268136,0,1,0,1242,1,wpbeginner,0.0,sd
196,2.268136,0,1,0,1242,1,wpbeginner,0.0,sd
197,2.268136,0,1,0,1242,1,wpbeginner,0.0,sd
198,2.268136,0,1,0,984,1,wpbeginner,0.0,sd
199,2.268136,0,1,0,1242,1,wpbeginner,0.0,sd
200,2.268136,0,1,0,1242,1,wpbeginner,0.0,sd
