No.,Time,Source,Destination,Protocol,Length,Info,Site,Time Delta,Target
81,6.516609,0,1,0,1242,1,wpbeginner,0.0006349999999999412,sd
82,6.516843,0,1,0,1242,1,wpbeginner,0.00023399999999984544,sd
83,6.516843,0,1,0,1242,1,wpbeginner,0.0,sd
84,6.517226,0,1,0,1242,1,wpbeginner,0.00038300000000024426,sd
85,6.517226,0,1,0,1242,1,wpbeginner,0.0,sd
86,6.517226,0,1,0,1242,1,wpbeginner,0.0,sd
87,6.517226,0,1,0,1242,1,wpbeginner,0.0,sd
88,6.51807,0,1,0,219,1,wpbeginner,0.0008439999999998449,sd
89,6.51807,0,1,0,1242,1,wpbeginner,0.0,sd
90,6.51807,0,1,0,1242,1,wpbeginner,0.0,sd
91,6.51807,0,1,0,1242,1,wpbeginner,0.0,sd
92,6.51807,0,1,0,1242,1,wpbeginner,0.0,sd
93,6.51807,0,1,0,1242,1,wpbeginner,0.0,sd
94,6.518293,1,0,0,86,1,wpbeginner,0.00022300000000008424,sd
95,6.518697,0,1,0,528,1,wpbeginner,0.00040400000000051506,sd
96,6.518697,0,1,0,1242,1,wpbeginner,0.0,sd
97,6.518697,0,1,0,1242,1,wpbeginner,0.0,sd
98,6.518697,0,1,0,1242,1,wpbeginner,0.0,sd
99,6.518697,0,1,0,1242,1,wpbeginner,0.0,sd
100,6.518697,0,1,0,1242,1,wpbeginner,0.0,sd
101,6.519459,1,0,0,86,1,wpbeginner,0.0007619999999999294,sd
102,6.519759,0,1,0,1191,1,wpbeginner,0.0002999999999993008,sd
103,6.519759,0,1,0,1242,1,wpbeginner,0.0,sd
104,6.519759,0,1,0,1242,1,wpbeginner,0.0,sd
105,6.519759,0,1,0,1242,1,wpbeginner,0.0,sd
106,6.519759,0,1,0,1242,1,wpbeginner,0.0,sd
107,6.519759,0,1,0,1242,1,wpbeginner,0.0,sd
108,6.520701,0,1,0,673,1,wpbeginner,0.0009420000000002204,sd
109,6.520701,0,1,0,1242,1,wpbeginner,0.0,sd
110,6.520701,0,1,0,1242,1,wpbeginner,0.0,sd
111,6.520701,0,1,0,1242,1,wpbeginner,0.0,sd
112,6.521005,0,1,0,817,1,wpbeginner,0.00030399999999985994,sd
113,6.521005,0,1,0,616,1,wpbeginner,0.0,sd
114,6.521151,1,0,0,86,1,wpbeginner,0.00014599999999997948,sd
115,6.527402,1,0,0,87,1,wpbeginner,0.006251000000000673,sd
116,6.534023,0,1,0,1242,1,wpbeginner,0.006620999999999988,sd
117,6.534292,0,1,0,1242,1,wpbeginner,0.0002689999999994086,sd
118,6.534292,0,1,0,1242,1,wpbeginner,0.0,sd
119,6.534643,0,1,0,1242,1,wpbeginner,0.00035100000000021225,sd
120,6.534643,0,1,0,1242,1,wpbeginner,0.0,sd
