No.,Time,Source,Destination,Protocol,Length,Info,Site,Time Delta,Target
81,1.710613,1,0,5,86,15,wpbeginner,0.0002929999999998767,sd
82,1.714612,1,0,0,87,1,wpbeginner,0.003999000000000086,sd
83,1.743064,1,0,5,784,15,wpbeginner,0.028451999999999922,sd
84,1.745542,1,0,5,772,15,wpbeginner,0.0024779999999999802,sd
85,1.746041,1,0,5,780,15,wpbeginner,0.0004990000000000272,sd
86,1.746592,1,0,5,779,15,wpbeginner,0.0005509999999999682,sd
87,1.747065,1,0,5,776,15,wpbeginner,0.00047300000000016773,sd
88,1.748829,1,0,5,763,15,wpbeginner,0.0017639999999998768,sd
89,1.749314,1,0,5,781,15,wpbeginner,0.0004850000000000687,sd
90,1.74945,1,0,5,782,15,wpbeginner,0.00013599999999991397,sd
91,1.750001,1,0,5,775,15,wpbeginner,0.0005509999999999682,sd
92,1.750113,1,0,5,779,15,wpbeginner,0.00011200000000011201,sd
93,1.750354,1,0,5,779,15,wpbeginner,0.0002409999999999357,sd
94,1.750473,1,0,5,779,15,wpbeginner,0.00011899999999998023,sd
95,1.75058,1,0,5,782,15,wpbeginner,0.00010700000000007925,sd
96,1.750749,1,0,5,793,15,wpbeginner,0.00016900000000008575,sd
97,1.750867,1,0,5,779,15,wpbeginner,0.00011799999999984045,sd
98,1.750975,1,0,5,807,15,wpbeginner,0.00010799999999999699,sd
99,1.751077,1,0,5,767,15,wpbeginner,0.0001020000000000465,sd
100,1.767273,0,1,5,66,15,wpbeginner,0.0161960000000001,sd
101,1.781262,0,1,5,66,15,wpbeginner,0.013988999999999807,sd
102,1.829795,0,1,5,1242,15,wpbeginner,0.04853300000000016,sd
103,1.830885,0,1,5,563,15,wpbeginner,0.0010900000000000354,sd
104,1.830885,0,1,5,781,15,wpbeginner,0.0,sd
105,1.831101,1,0,5,85,15,wpbeginner,0.00021599999999999397,sd
106,1.836638,0,1,5,1242,15,wpbeginner,0.005536999999999903,sd
107,1.836794,0,1,5,952,15,wpbeginner,0.000156000000000045,sd
108,1.836794,0,1,5,1242,15,wpbeginner,0.0,sd
109,1.836889,1,0,5,85,15,wpbeginner,9.499999999995623e-05,sd
110,1.836996,1,0,5,85,15,wpbeginner,0.00010700000000007925,sd
111,1.837277,0,1,5,601,15,wpbeginner,0.0002809999999999757,sd
112,1.837503,0,1,5,1242,15,wpbeginner,0.0002260000000000595,sd
113,1.837503,0,1,5,1242,15,wpbeginner,0.0,sd
114,1.837617,1,0,5,85,15,wpbeginner,0.00011399999999994748,sd
115,1.837951,0,1,5,1242,15,wpbeginner,0.00033399999999983443,sd
116,1.837951,0,1,5,1242,15,wpbeginner,0.0,sd
117,1.837951,0,1,5,1242,15,wpbeginner,0.0,sd
118,1.837951,0,1,5,1242,15,wpbeginner,0.0,sd
119,1.837951,0,1,5,1242,15,wpbeginner,0.0,sd
120,1.837951,0,1,5,1242,15,wpbeginner,0.0,sd
