No.,Time,Source,Destination,Protocol,Length,Info,Site,Time Delta,Target
481,7.266787,1,0,0,87,1,wpbeginner,0.0038279999999994985,sd
482,7.501006,1,0,0,1161,1,wpbeginner,0.2342190000000004,sd
483,7.51831,0,1,0,68,1,wpbeginner,0.01730399999999932,sd
484,7.538351,0,1,0,1242,1,wpbeginner,0.020040999999999976,sd
485,7.538351,0,1,0,1242,1,wpbeginner,0.0,sd
486,7.538351,0,1,0,1242,1,wpbeginner,0.0,sd
487,7.539354,0,1,0,1242,1,wpbeginner,0.0010030000000007533,sd
488,7.539354,0,1,0,1242,1,wpbeginner,0.0,sd
489,7.539354,0,1,0,1242,1,wpbeginner,0.0,sd
490,7.539354,0,1,0,1242,1,wpbeginner,0.0,sd
491,7.539354,0,1,0,1242,1,wpbeginner,0.0,sd
492,7.539354,0,1,0,1242,1,wpbeginner,0.0,sd
493,7.539354,0,1,0,1242,1,wpbeginner,0.0,sd
494,7.539354,0,1,0,1242,1,wpbeginner,0.0,sd
495,7.539354,0,1,0,1242,1,wpbeginner,0.0,sd
496,7.539354,0,1,0,1242,1,wpbeginner,0.0,sd
497,7.539354,0,1,0,1242,1,wpbeginner,0.0,sd
498,7.539354,0,1,0,1242,1,wpbeginner,0.0,sd
499,7.539354,0,1,0,1242,1,wpbeginner,0.0,sd
500,7.539354,0,1,0,1242,1,wpbeginner,0.0,sd
501,7.539354,0,1,0,1242,1,wpbeginner,0.0,sd
502,7.539354,0,1,0,1242,1,wpbeginner,0.0,sd
503,7.539354,0,1,0,1242,1,wpbeginner,0.0,sd
504,7.539354,0,1,0,1242,1,wpbeginner,0.0,sd
505,7.539354,0,1,0,1242,1,wpbeginner,0.0,sd
506,7.539354,0,1,0,1242,1,wpbeginner,0.0,sd
507,7.539354,0,1,0,1242,1,wpbeginner,0.0,sd
508,7.539354,0,1,0,1242,1,wpbeginner,0.0,sd
509,7.539354,0,1,0,1242,1,wpbeginner,0.0,sd
510,7.539354,0,1,0,1242,1,wpbeginner,0.0,sd
511,7.539354,0,1,0,1242,1,wpbeginner,0.0,sd
512,7.539354,0,1,0,1242,1,wpbeginner,0.0,sd
513,7.539354,0,1,0,1242,1,wpbeginner,0.0,sd
514,7.539354,0,1,0,1242,1,wpbeginner,0.0,sd
515,7.53971,1,0,0,86,1,wpbeginner,0.00035600000000002296,sd
516,7.539836,1,0,0,86,1,wpbeginner,0.00012599999999984846,sd
517,7.539946,1,0,0,86,1,wpbeginner,0.00010999999999938836,sd
518,7.541324,0,1,0,1242,1,wpbeginner,0.0013780000000007675,sd
519,7.541324,0,1,0,980,1,wpbeginner,0.0,sd
520,7.543921,1,0,0,87,1,wpbeginner,0.0025969999999997384,sd
