No.,Time,Source,Destination,Protocol,Length,Info,Site,Time Delta,Target
241,1.883329,0,1,5,1242,15,wpbeginner,0.0,sd
242,1.883329,0,1,5,1242,15,wpbeginner,0.0,sd
243,1.883329,0,1,5,353,15,wpbeginner,0.0,sd
244,1.883514,1,0,5,86,15,wpbeginner,0.0001849999999998797,sd
245,1.883701,1,0,5,86,15,wpbeginner,0.00018700000000015926,sd
246,1.883777,1,0,5,86,15,wpbeginner,7.599999999996498e-05,sd
247,1.884279,1,0,5,87,15,wpbeginner,0.0005020000000000024,sd
248,1.888944,1,0,5,88,15,wpbeginner,0.004664999999999919,sd
249,1.89209,1,0,5,810,15,wpbeginner,0.003146000000000093,sd
250,1.903703,1,0,5,809,15,wpbeginner,0.011612999999999873,sd
251,1.903872,1,0,5,808,15,wpbeginner,0.00016900000000008575,sd
252,1.904002,1,0,5,816,15,wpbeginner,0.00012999999999996348,sd
253,1.904673,1,0,5,791,15,wpbeginner,0.0006710000000000882,sd
254,1.904769,1,0,5,776,15,wpbeginner,9.599999999987396e-05,sd
255,1.914413,0,1,5,67,15,wpbeginner,0.009643999999999986,sd
256,1.917491,1,0,5,878,15,wpbeginner,0.003078000000000136,sd
257,1.917635,1,0,5,887,15,wpbeginner,0.00014399999999992197,sd
258,1.91861,1,0,5,892,15,wpbeginner,0.0009749999999999481,sd
259,1.922315,0,1,5,66,15,wpbeginner,0.0037050000000000693,sd
260,1.935187,0,1,5,66,15,wpbeginner,0.012871999999999995,sd
261,1.935187,0,1,5,66,15,wpbeginner,0.0,sd
262,1.935659,1,0,5,844,15,wpbeginner,0.00047200000000002795,sd
263,1.935811,1,0,5,877,15,wpbeginner,0.00015199999999992997,sd
264,1.936072,1,0,5,851,15,wpbeginner,0.00026100000000006673,sd
265,1.9642,0,1,5,66,15,wpbeginner,0.02812799999999993,sd
266,1.981178,0,1,5,1242,15,wpbeginner,0.01697800000000016,sd
267,1.981463,0,1,5,662,15,wpbeginner,0.0002849999999998687,sd
268,1.989543,0,1,5,882,15,wpbeginner,0.008080000000000087,sd
269,1.989983,1,0,5,86,15,wpbeginner,0.00043999999999999595,sd
270,1.992014,0,1,5,588,15,wpbeginner,0.002030999999999894,sd
271,1.993922,0,1,5,1242,15,wpbeginner,0.0019080000000000208,sd
272,1.994125,0,1,5,1242,15,wpbeginner,0.00020299999999995322,sd
273,1.994125,0,1,5,1242,15,wpbeginner,0.0,sd
274,1.994657,0,1,5,874,15,wpbeginner,0.0005319999999999769,sd
275,1.995471,0,1,5,1242,15,wpbeginner,0.0008140000000000924,sd
276,1.995977,0,1,5,1242,15,wpbeginner,0.0005059999999998954,sd
277,1.995977,0,1,5,1242,15,wpbeginner,0.0,sd
278,1.995977,0,1,5,327,15,wpbeginner,0.0,sd
279,1.996217,1,0,5,86,15,wpbeginner,0.00024000000000001798,sd
280,2.000003,0,1,5,577,15,wpbeginner,0.003786000000000067,sd
