No.,Time,Source,Destination,Protocol,Length,Info,Site,Time Delta,Target
121,6.534643,0,1,0,1242,1,wpbeginner,0.0,sd
122,6.534643,0,1,0,1242,1,wpbeginner,0.0,sd
123,6.535276,0,1,0,1242,1,wpbeginner,0.0006329999999996616,sd
124,6.535276,0,1,0,867,1,wpbeginner,0.0,sd
125,6.535276,0,1,0,1242,1,wpbeginner,0.0,sd
126,6.535276,0,1,0,1242,1,wpbeginner,0.0,sd
127,6.536384,1,0,0,86,1,wpbeginner,0.001108000000000331,sd
128,6.536577,0,1,0,1242,1,wpbeginner,0.0001930000000003318,sd
129,6.536577,0,1,0,1242,1,wpbeginner,0.0,sd
130,6.536577,0,1,0,439,1,wpbeginner,0.0,sd
131,6.54043,1,0,0,87,1,wpbeginner,0.00385299999999944,sd
132,6.69813,1,0,0,1097,1,wpbeginner,0.15770000000000017,sd
133,6.714729,0,1,0,68,1,wpbeginner,0.016599000000000252,sd
134,6.791887,0,1,0,1242,1,wpbeginner,0.07715799999999984,sd
135,6.792152,0,1,0,1242,1,wpbeginner,0.00026499999999973767,sd
136,6.792152,0,1,0,1242,1,wpbeginner,0.0,sd
137,6.792623,0,1,0,1242,1,wpbeginner,0.0004710000000001102,sd
138,6.792623,0,1,0,492,1,wpbeginner,0.0,sd
139,6.800842,1,0,0,87,1,wpbeginner,0.00821900000000042,sd
140,6.81544,1,0,0,1285,1,wpbeginner,0.014597999999999445,sd
141,6.815594,1,0,0,1292,1,wpbeginner,0.00015400000000020952,sd
142,6.815646,1,0,0,166,1,wpbeginner,5.200000000016303e-05,sd
143,6.831608,0,1,0,67,1,wpbeginner,0.01596200000000003,sd
144,6.845446,0,1,0,211,1,wpbeginner,0.013837999999999795,sd
145,6.862672,1,0,0,87,1,wpbeginner,0.017225999999999964,sd
146,9.142118,1,0,0,1166,1,wpbeginner,2.279446,sd
147,9.158508,0,1,0,68,1,wpbeginner,0.01638999999999946,sd
148,9.184073,0,1,0,422,1,wpbeginner,0.025565000000000282,sd
149,9.184823,0,1,0,1242,1,wpbeginner,0.0007500000000000284,sd
150,9.184992,0,1,0,1242,1,wpbeginner,0.00016899999999964166,sd
151,9.184992,0,1,0,1242,1,wpbeginner,0.0,sd
152,9.185631,0,1,0,1242,1,wpbeginner,0.0006390000000013885,sd
153,9.185631,0,1,0,1242,1,wpbeginner,0.0,sd
154,9.185631,0,1,0,1242,1,wpbeginner,0.0,sd
155,9.185631,0,1,0,1242,1,wpbeginner,0.0,sd
156,9.186725,0,1,0,88,1,wpbeginner,0.001093999999998374,sd
157,9.186725,0,1,0,1242,1,wpbeginner,0.0,sd
158,9.186725,0,1,0,1242,1,wpbeginner,0.0,sd
159,9.186725,0,1,0,1242,1,wpbeginner,0.0,sd
160,9.186725,0,1,0,1242,1,wpbeginner,0.0,sd
