No.,Time,Source,Destination,Protocol,Length,Info,Site,Time Delta,Target
121,1.977866,0,1,0,1242,1,wpbeginner,0.0,sd
122,1.977866,0,1,0,1242,1,wpbeginner,0.0,sd
123,1.977866,0,1,0,1242,1,wpbeginner,0.0,sd
124,1.977866,0,1,0,122,1,wpbeginner,0.0,sd
125,1.977866,0,1,0,1242,1,wpbeginner,0.0,sd
126,1.977866,0,1,0,1242,1,wpbeginner,0.0,sd
127,1.977866,0,1,0,1242,1,wpbeginner,0.0,sd
128,1.977866,0,1,0,1242,1,wpbeginner,0.0,sd
129,1.977866,0,1,0,1242,1,wpbeginner,0.0,sd
130,1.977866,0,1,0,1242,1,wpbeginner,0.0,sd
131,1.977866,0,1,0,1242,1,wpbeginner,0.0,sd
132,1.977866,0,1,0,1242,1,wpbeginner,0.0,sd
133,1.977866,0,1,0,881,1,wpbeginner,0.0,sd
134,1.978215,1,0,0,86,1,wpbeginner,0.00034900000000015474,sd
135,1.982615,1,0,0,87,1,wpbeginner,0.0043999999999999595,sd
136,1.992458,0,1,0,67,1,wpbeginner,0.009843000000000046,sd
137,1.993373,0,1,0,211,1,wpbeginner,0.0009149999999999991,sd
138,1.997713,1,0,0,87,1,wpbeginner,0.0043400000000000105,sd
139,2.01364,0,1,0,65,1,wpbeginner,0.015927000000000024,sd
140,2.018808,1,0,0,87,1,wpbeginner,0.005167999999999839,sd
141,2.211273,1,0,0,1161,1,wpbeginner,0.1924649999999999,sd
142,2.211591,1,0,0,1151,1,wpbeginner,0.00031800000000004047,sd
143,2.228351,0,1,0,67,1,wpbeginner,0.016760000000000108,sd
144,2.245844,0,1,0,1242,1,wpbeginner,0.01749299999999998,sd
145,2.250213,0,1,0,1242,1,wpbeginner,0.004369000000000067,sd
146,2.250213,0,1,0,1242,1,wpbeginner,0.0,sd
147,2.250213,0,1,0,1242,1,wpbeginner,0.0,sd
148,2.250213,0,1,0,1242,1,wpbeginner,0.0,sd
149,2.250213,0,1,0,1242,1,wpbeginner,0.0,sd
150,2.250213,0,1,0,1242,1,wpbeginner,0.0,sd
151,2.250213,0,1,0,1242,1,wpbeginner,0.0,sd
152,2.250213,0,1,0,1242,1,wpbeginner,0.0,sd
153,2.250213,0,1,0,1242,1,wpbeginner,0.0,sd
154,2.250213,0,1,0,1242,1,wpbeginner,0.0,sd
155,2.250213,0,1,0,1242,1,wpbeginner,0.0,sd
156,2.250213,0,1,0,1242,1,wpbeginner,0.0,sd
157,2.250213,0,1,0,1242,1,wpbeginner,0.0,sd
158,2.250213,0,1,0,1242,1,wpbeginner,0.0,sd
159,2.250213,0,1,0,1242,1,wpbeginner,0.0,sd
160,2.250213,0,1,0,1242,1,wpbeginner,0.0,sd
