No.,Time,Source,Destination,Protocol,Length,Info,Site,Time Delta,Target
441,7.164689,0,1,5,66,15,wpbeginner,0.0014440000000002229,sd
442,7.165261,0,1,5,211,15,wpbeginner,0.0005720000000000169,sd
443,7.171085,1,0,5,87,15,wpbeginner,0.005823999999999607,sd
444,7.178134,1,0,0,1128,1,wpbeginner,0.007049000000000305,sd
445,7.19593,0,1,0,68,1,wpbeginner,0.0177959999999997,sd
446,7.222168,0,1,0,766,1,wpbeginner,0.026238000000000206,sd
447,7.222694,1,0,0,1143,1,wpbeginner,0.0005259999999998044,sd
448,7.238701,0,1,0,71,1,wpbeginner,0.016007000000000104,sd
449,7.257632,1,0,0,87,1,wpbeginner,0.018931000000000253,sd
450,7.260793,0,1,0,1242,1,wpbeginner,0.0031609999999995253,sd
451,7.261018,0,1,0,1242,1,wpbeginner,0.0002250000000003638,sd
452,7.261018,0,1,0,1242,1,wpbeginner,0.0,sd
453,7.262347,0,1,0,1242,1,wpbeginner,0.0013290000000001356,sd
454,7.262347,0,1,0,1242,1,wpbeginner,0.0,sd
455,7.262347,0,1,0,1242,1,wpbeginner,0.0,sd
456,7.262347,0,1,0,1242,1,wpbeginner,0.0,sd
457,7.262347,0,1,0,1242,1,wpbeginner,0.0,sd
458,7.262347,0,1,0,1242,1,wpbeginner,0.0,sd
459,7.262347,0,1,0,1242,1,wpbeginner,0.0,sd
460,7.262347,0,1,0,1242,1,wpbeginner,0.0,sd
461,7.262347,0,1,0,1242,1,wpbeginner,0.0,sd
462,7.262347,0,1,0,1242,1,wpbeginner,0.0,sd
463,7.262347,0,1,0,1242,1,wpbeginner,0.0,sd
464,7.262347,0,1,0,1242,1,wpbeginner,0.0,sd
465,7.262347,0,1,0,1242,1,wpbeginner,0.0,sd
466,7.262347,0,1,0,1242,1,wpbeginner,0.0,sd
467,7.262347,0,1,0,1242,1,wpbeginner,0.0,sd
468,7.262347,0,1,0,1242,1,wpbeginner,0.0,sd
469,7.262347,0,1,0,1242,1,wpbeginner,0.0,sd
470,7.262347,0,1,0,1242,1,wpbeginner,0.0,sd
471,7.262347,0,1,0,1242,1,wpbeginner,0.0,sd
472,7.262347,0,1,0,1242,1,wpbeginner,0.0,sd
473,7.262347,0,1,0,1242,1,wpbeginner,0.0,sd
474,7.262347,0,1,0,1242,1,wpbeginner,0.0,sd
475,7.262347,0,1,0,1242,1,wpbeginner,0.0,sd
476,7.262347,0,1,0,1242,1,wpbeginner,0.0,sd
477,7.262599,1,0,0,86,1,wpbeginner,0.0002519999999996969,sd
478,7.262697,1,0,0,86,1,wpbeginner,9.800000000037556e-05,sd
479,7.262959,0,1,0,1242,1,wpbeginner,0.0002620000000002065,sd
480,7.262959,0,1,0,336,1,wpbeginner,0.0,sd
