No.,Time,Source,Destination,Protocol,Length,Info,Site,Time Delta,Target
81,2.45132,0,1,0,1242,1,wpbeginner,0.0,sd
82,2.45132,0,1,0,1242,1,wpbeginner,0.0,sd
83,2.45132,0,1,0,1242,1,wpbeginner,0.0,sd
84,2.45132,0,1,0,1242,1,wpbeginner,0.0,sd
85,2.45132,0,1,0,1242,1,wpbeginner,0.0,sd
86,2.45132,0,1,0,1242,1,wpbeginner,0.0,sd
87,2.45132,0,1,0,1242,1,wpbeginner,0.0,sd
88,2.45132,0,1,0,209,1,wpbeginner,0.0,sd
89,2.451585,1,0,0,86,1,wpbeginner,0.00026500000000018176,sd
90,2.451746,1,0,0,87,1,wpbeginner,0.0001609999999998557,sd
91,2.454625,0,1,0,1242,1,wpbeginner,0.002879000000000076,sd
92,2.454625,0,1,0,1242,1,wpbeginner,0.0,sd
93,2.454962,0,1,0,1242,1,wpbeginner,0.0003370000000000317,sd
94,2.454962,0,1,0,1242,1,wpbeginner,0.0,sd
95,2.454962,0,1,0,1242,1,wpbeginner,0.0,sd
96,2.454962,0,1,0,1242,1,wpbeginner,0.0,sd
97,2.455371,0,1,0,397,1,wpbeginner,0.0004089999999998817,sd
98,2.45993,0,1,0,67,1,wpbeginner,0.00455899999999998,sd
99,2.460174,1,0,0,86,1,wpbeginner,0.00024399999999991095,sd
100,2.46647,0,1,0,1242,1,wpbeginner,0.006296000000000301,sd
101,2.468852,0,1,0,1242,1,wpbeginner,0.002381999999999884,sd
102,2.468852,0,1,0,1242,1,wpbeginner,0.0,sd
103,2.468852,0,1,0,799,1,wpbeginner,0.0,sd
104,2.468852,0,1,0,211,1,wpbeginner,0.0,sd
105,2.471017,1,0,0,87,1,wpbeginner,0.0021649999999997505,sd
106,2.654919,1,0,0,1131,1,wpbeginner,0.18390200000000023,sd
107,2.670935,0,1,0,68,1,wpbeginner,0.01601600000000003,sd
108,2.690479,0,1,0,1242,1,wpbeginner,0.019543999999999784,sd
109,2.690479,0,1,0,1242,1,wpbeginner,0.0,sd
110,2.690479,0,1,0,1242,1,wpbeginner,0.0,sd
111,2.692982,0,1,0,1242,1,wpbeginner,0.002503000000000366,sd
112,2.692982,0,1,0,1242,1,wpbeginner,0.0,sd
113,2.692982,0,1,0,1242,1,wpbeginner,0.0,sd
114,2.692982,0,1,0,1242,1,wpbeginner,0.0,sd
115,2.692982,0,1,0,1242,1,wpbeginner,0.0,sd
116,2.692982,0,1,0,167,1,wpbeginner,0.0,sd
117,2.699499,1,0,0,87,1,wpbeginner,0.006516999999999662,sd
118,3.133679,1,0,0,1285,1,wpbeginner,0.43418,sd
119,3.133763,1,0,0,1292,1,wpbeginner,8.400000000019503e-05,sd
120,3.133782,1,0,0,254,1,wpbeginner,1.8999999999991246e-05,sd
