No.,Time,Source,Destination,Protocol,Length,Info,Site,Time Delta,Target
121,3.454705,1,0,0,1185,1,wpbeginner,0.9010690000000001,sd
122,3.47158,0,1,0,68,1,wpbeginner,0.01687499999999975,sd
123,3.510615,0,1,0,421,1,wpbeginner,0.03903500000000015,sd
124,3.511776,0,1,0,1242,1,wpbeginner,0.0011609999999997456,sd
125,3.511999,0,1,0,1242,1,wpbeginner,0.00022300000000008424,sd
126,3.511999,0,1,0,1242,1,wpbeginner,0.0,sd
127,3.512438,0,1,0,1242,1,wpbeginner,0.0004390000000000782,sd
128,3.512438,0,1,0,1242,1,wpbeginner,0.0,sd
129,3.512438,0,1,0,1242,1,wpbeginner,0.0,sd
130,3.512438,0,1,0,1242,1,wpbeginner,0.0,sd
131,3.513078,0,1,0,97,1,wpbeginner,0.000640000000000196,sd
132,3.513078,0,1,0,1242,1,wpbeginner,0.0,sd
133,3.513078,0,1,0,1242,1,wpbeginner,0.0,sd
134,3.513078,0,1,0,1242,1,wpbeginner,0.0,sd
135,3.513078,0,1,0,1242,1,wpbeginner,0.0,sd
136,3.513078,0,1,0,1242,1,wpbeginner,0.0,sd
137,3.513397,1,0,0,86,1,wpbeginner,0.00031899999999973616,sd
138,3.513509,0,1,0,236,1,wpbeginner,0.00011200000000011201,sd
139,3.513509,0,1,0,1242,1,wpbeginner,0.0,sd
140,3.513509,0,1,0,1242,1,wpbeginner,0.0,sd
141,3.517072,0,1,0,1242,1,wpbeginner,0.003563000000000205,sd
142,3.517072,0,1,0,1242,1,wpbeginner,0.0,sd
143,3.517072,0,1,0,1242,1,wpbeginner,0.0,sd
144,3.517072,0,1,0,1242,1,wpbeginner,0.0,sd
145,3.517072,0,1,0,592,1,wpbeginner,0.0,sd
146,3.517072,0,1,0,1242,1,wpbeginner,0.0,sd
147,3.517072,0,1,0,1242,1,wpbeginner,0.0,sd
148,3.517072,0,1,0,1242,1,wpbeginner,0.0,sd
149,3.517072,0,1,0,1242,1,wpbeginner,0.0,sd
150,3.517072,0,1,0,1242,1,wpbeginner,0.0,sd
151,3.517072,0,1,0,282,1,wpbeginner,0.0,sd
152,3.517072,0,1,0,1242,1,wpbeginner,0.0,sd
153,3.517072,0,1,0,1242,1,wpbeginner,0.0,sd
154,3.517072,0,1,0,1242,1,wpbeginner,0.0,sd
155,3.517072,0,1,0,1242,1,wpbeginner,0.0,sd
156,3.517072,0,1,0,1242,1,wpbeginner,0.0,sd
157,3.517072,0,1,0,1208,1,wpbeginner,0.0,sd
158,3.517072,0,1,0,1242,1,wpbeginner,0.0,sd
159,3.517072,0,1,0,1242,1,wpbeginner,0.0,sd
160,3.517384,1,0,0,86,1,wpbeginner,0.0003119999999996459,sd
