No.,Time,Source,Destination,Protocol,Length,Info,Site,Time Delta,Target
361,7.534992,0,1,0,1242,1,wpbeginner,0.007500000000000284,sd
362,7.535431,1,0,0,1075,1,wpbeginner,0.0004390000000000782,sd
363,7.535714,1,0,0,1286,1,wpbeginner,0.00028299999999958914,sd
364,7.535778,1,0,0,217,1,wpbeginner,6.4000000000064e-05,sd
365,7.535832,0,1,0,1242,1,wpbeginner,5.400000000044258e-05,sd
366,7.535832,0,1,0,1242,1,wpbeginner,0.0,sd
367,7.537553,0,1,0,1242,1,wpbeginner,0.0017209999999998615,sd
368,7.537804,0,1,0,1242,1,wpbeginner,0.0002510000000004453,sd
369,7.537804,0,1,0,1242,1,wpbeginner,0.0,sd
370,7.538236,0,1,0,1242,1,wpbeginner,0.00043199999999998795,sd
371,7.538236,0,1,0,1242,1,wpbeginner,0.0,sd
372,7.538236,0,1,0,1242,1,wpbeginner,0.0,sd
373,7.538236,0,1,0,1242,1,wpbeginner,0.0,sd
374,7.538236,0,1,0,1242,1,wpbeginner,0.0,sd
375,7.538236,0,1,0,1242,1,wpbeginner,0.0,sd
376,7.538483,1,0,0,86,1,wpbeginner,0.0002469999999998862,sd
377,7.539576,0,1,0,1242,1,wpbeginner,0.0010930000000000106,sd
378,7.539576,0,1,0,155,1,wpbeginner,0.0,sd
379,7.539576,0,1,0,1242,1,wpbeginner,0.0,sd
380,7.539576,0,1,0,1242,1,wpbeginner,0.0,sd
381,7.539576,0,1,0,1242,1,wpbeginner,0.0,sd
382,7.539576,0,1,0,1242,1,wpbeginner,0.0,sd
383,7.539576,0,1,0,1242,1,wpbeginner,0.0,sd
384,7.539576,0,1,0,1242,1,wpbeginner,0.0,sd
385,7.539576,0,1,0,1242,1,wpbeginner,0.0,sd
386,7.539576,0,1,0,1242,1,wpbeginner,0.0,sd
387,7.539576,0,1,0,1242,1,wpbeginner,0.0,sd
388,7.539576,0,1,0,1242,1,wpbeginner,0.0,sd
389,7.539576,0,1,0,1242,1,wpbeginner,0.0,sd
390,7.539576,0,1,0,1242,1,wpbeginner,0.0,sd
391,7.539576,0,1,0,1242,1,wpbeginner,0.0,sd
392,7.539576,0,1,0,1242,1,wpbeginner,0.0,sd
393,7.539576,0,1,0,1242,1,wpbeginner,0.0,sd
394,7.539576,0,1,0,1242,1,wpbeginner,0.0,sd
395,7.539885,1,0,0,86,1,wpbeginner,0.00030899999999967065,sd
396,7.540248,0,1,0,1242,1,wpbeginner,0.00036300000000011323,sd
397,7.540248,0,1,0,490,1,wpbeginner,0.0,sd
398,7.541057,1,0,0,87,1,wpbeginner,0.0008090000000002817,sd
399,7.542694,0,1,0,1242,1,wpbeginner,0.0016369999999996665,sd
400,7.542888,0,1,0,1242,1,wpbeginner,0.0001939999999995834,sd
