No.,Time,Source,Destination,Protocol,Length,Info,Site,Time Delta,Target
121,3.150434,0,1,0,67,1,wpbeginner,0.01665200000000011,sd
122,3.152787,0,1,0,211,1,wpbeginner,0.0023529999999998275,sd
123,3.158224,1,0,0,87,1,wpbeginner,0.005437000000000136,sd
124,7.215676,1,0,0,1285,1,wpbeginner,4.057452,sd
125,7.215818,1,0,0,1292,1,wpbeginner,0.00014199999999942037,sd
126,7.215861,1,0,0,254,1,wpbeginner,4.300000000068138e-05,sd
127,7.23203,0,1,0,67,1,wpbeginner,0.016168999999999656,sd
128,7.23507,0,1,0,211,1,wpbeginner,0.0030400000000003757,sd
129,7.249887,1,0,0,87,1,wpbeginner,0.014816999999999858,sd
130,11.835296,1,0,0,1128,1,wpbeginner,4.585408999999999,sd
131,11.85183,0,1,0,71,1,wpbeginner,0.01653400000000005,sd
132,11.86941,1,0,0,87,1,wpbeginner,0.017580000000000595,sd
133,11.874431,0,1,0,1242,1,wpbeginner,0.005020999999999276,sd
134,11.874612,0,1,0,1242,1,wpbeginner,0.000181000000001319,sd
135,11.874612,0,1,0,1242,1,wpbeginner,0.0,sd
136,11.87617,0,1,0,1242,1,wpbeginner,0.0015579999999992822,sd
137,11.87617,0,1,0,1242,1,wpbeginner,0.0,sd
138,11.87617,0,1,0,1242,1,wpbeginner,0.0,sd
139,11.87617,0,1,0,1242,1,wpbeginner,0.0,sd
140,11.87617,0,1,0,1242,1,wpbeginner,0.0,sd
141,11.87617,0,1,0,1242,1,wpbeginner,0.0,sd
142,11.87617,0,1,0,1242,1,wpbeginner,0.0,sd
143,11.87617,0,1,0,1242,1,wpbeginner,0.0,sd
144,11.87617,0,1,0,1242,1,wpbeginner,0.0,sd
145,11.87617,0,1,0,1242,1,wpbeginner,0.0,sd
146,11.87617,0,1,0,1242,1,wpbeginner,0.0,sd
147,11.87617,0,1,0,1242,1,wpbeginner,0.0,sd
148,11.87617,0,1,0,1242,1,wpbeginner,0.0,sd
149,11.87617,0,1,0,1242,1,wpbeginner,0.0,sd
150,11.87617,0,1,0,1242,1,wpbeginner,0.0,sd
151,11.87617,0,1,0,1242,1,wpbeginner,0.0,sd
152,11.87617,0,1,0,1242,1,wpbeginner,0.0,sd
153,11.87617,0,1,0,1242,1,wpbeginner,0.0,sd
154,11.87617,0,1,0,1242,1,wpbeginner,0.0,sd
155,11.87617,0,1,0,1242,1,wpbeginner,0.0,sd
156,11.87617,0,1,0,1242,1,wpbeginner,0.0,sd
157,11.87617,0,1,0,1242,1,wpbeginner,0.0,sd
158,11.87617,0,1,0,1242,1,wpbeginner,0.0,sd
159,11.87617,0,1,0,1242,1,wpbeginner,0.0,sd
160,11.87617,0,1,0,1242,1,wpbeginner,0.0,sd
