No.,Time,Source,Destination,Protocol,Length,Info,Site,Time Delta,Target
241,8.487765,1,0,0,86,1,wpbeginner,0.0001029999999992981,sd
242,8.498171,1,0,0,1155,1,wpbeginner,0.010405999999999693,sd
243,8.514821,0,1,0,68,1,wpbeginner,0.016650000000000276,sd
244,8.538922,0,1,0,1242,1,wpbeginner,0.024100999999999928,sd
245,8.538922,0,1,0,1242,1,wpbeginner,0.0,sd
246,8.538922,0,1,0,1242,1,wpbeginner,0.0,sd
247,8.540452,0,1,0,1242,1,wpbeginner,0.0015300000000006975,sd
248,8.540452,0,1,0,1242,1,wpbeginner,0.0,sd
249,8.541154,0,1,0,1242,1,wpbeginner,0.0007020000000004245,sd
250,8.541154,0,1,0,224,1,wpbeginner,0.0,sd
251,8.555072,1,0,0,87,1,wpbeginner,0.013917999999998543,sd
252,9.562898,1,0,0,1167,1,wpbeginner,1.0078260000000014,sd
253,9.579446,0,1,0,68,1,wpbeginner,0.01654800000000023,sd
254,9.607137,0,1,0,377,1,wpbeginner,0.027690999999999022,sd
255,9.608477,0,1,0,1242,1,wpbeginner,0.001340000000000785,sd
256,9.608477,0,1,0,1242,1,wpbeginner,0.0,sd
257,9.608477,0,1,0,1242,1,wpbeginner,0.0,sd
258,9.60894,0,1,0,1242,1,wpbeginner,0.0004629999999998802,sd
259,9.60894,0,1,0,1242,1,wpbeginner,0.0,sd
260,9.60894,0,1,0,1242,1,wpbeginner,0.0,sd
261,9.60894,0,1,0,1242,1,wpbeginner,0.0,sd
262,9.609786,0,1,0,224,1,wpbeginner,0.0008459999999992363,sd
263,9.609786,0,1,0,1242,1,wpbeginner,0.0,sd
264,9.609786,0,1,0,1242,1,wpbeginner,0.0,sd
265,9.609786,0,1,0,1242,1,wpbeginner,0.0,sd
266,9.609786,0,1,0,1242,1,wpbeginner,0.0,sd
267,9.609786,0,1,0,1242,1,wpbeginner,0.0,sd
268,9.610109,1,0,0,86,1,wpbeginner,0.0003229999999998512,sd
269,9.610327,0,1,0,529,1,wpbeginner,0.00021800000000027353,sd
270,9.610327,0,1,0,1242,1,wpbeginner,0.0,sd
271,9.610327,0,1,0,1242,1,wpbeginner,0.0,sd
272,9.610327,0,1,0,1242,1,wpbeginner,0.0,sd
273,9.610327,0,1,0,1242,1,wpbeginner,0.0,sd
274,9.610327,0,1,0,1242,1,wpbeginner,0.0,sd
275,9.610766,1,0,0,86,1,wpbeginner,0.0004390000000000782,sd
276,9.610815,0,1,0,1192,1,wpbeginner,4.900000000063187e-05,sd
277,9.610815,0,1,0,1242,1,wpbeginner,0.0,sd
278,9.611061,0,1,0,1242,1,wpbeginner,0.00024599999999885824,sd
279,9.611061,0,1,0,1242,1,wpbeginner,0.0,sd
280,9.611382,0,1,0,1242,1,wpbeginner,0.000321000000001348,sd
