No.,Time,Source,Destination,Protocol,Length,Info,Site,Time Delta,Target
201,1.863635,1,0,5,87,15,wpbeginner,0.000148000000000037,sd
202,1.867712,1,0,5,88,15,wpbeginner,0.004077000000000108,sd
203,1.88299,0,1,5,1242,15,wpbeginner,0.015277999999999903,sd
204,1.88299,0,1,5,1242,15,wpbeginner,0.0,sd
205,1.88299,0,1,5,535,15,wpbeginner,0.0,sd
206,1.88299,0,1,5,1242,15,wpbeginner,0.0,sd
207,1.88299,0,1,5,749,15,wpbeginner,0.0,sd
208,1.88299,0,1,5,1242,15,wpbeginner,0.0,sd
209,1.88299,0,1,5,1242,15,wpbeginner,0.0,sd
210,1.88299,0,1,5,1242,15,wpbeginner,0.0,sd
211,1.88299,0,1,5,1242,15,wpbeginner,0.0,sd
212,1.88299,0,1,5,1242,15,wpbeginner,0.0,sd
213,1.88299,0,1,5,1242,15,wpbeginner,0.0,sd
214,1.88299,0,1,5,580,15,wpbeginner,0.0,sd
215,1.88299,0,1,5,1242,15,wpbeginner,0.0,sd
216,1.88299,0,1,5,210,15,wpbeginner,0.0,sd
217,1.88299,0,1,5,1193,15,wpbeginner,0.0,sd
218,1.88299,0,1,5,1242,15,wpbeginner,0.0,sd
219,1.88299,0,1,5,1242,15,wpbeginner,0.0,sd
220,1.88299,0,1,5,1242,15,wpbeginner,0.0,sd
221,1.88299,0,1,5,113,15,wpbeginner,0.0,sd
222,1.88299,0,1,5,1242,15,wpbeginner,0.0,sd
223,1.88299,0,1,5,1242,15,wpbeginner,0.0,sd
224,1.88299,0,1,5,1242,15,wpbeginner,0.0,sd
225,1.88299,0,1,5,1242,15,wpbeginner,0.0,sd
226,1.88299,0,1,5,1242,15,wpbeginner,0.0,sd
227,1.88299,0,1,5,1242,15,wpbeginner,0.0,sd
228,1.88299,0,1,5,1242,15,wpbeginner,0.0,sd
229,1.88299,0,1,5,1242,15,wpbeginner,0.0,sd
230,1.88299,0,1,5,1119,15,wpbeginner,0.0,sd
231,1.88299,0,1,5,1242,15,wpbeginner,0.0,sd
232,1.88299,0,1,5,1242,15,wpbeginner,0.0,sd
233,1.88299,0,1,5,1242,15,wpbeginner,0.0,sd
234,1.88299,0,1,5,748,15,wpbeginner,0.0,sd
235,1.883329,0,1,5,1242,15,wpbeginner,0.00033900000000008923,sd
236,1.883329,0,1,5,1242,15,wpbeginner,0.0,sd
237,1.883329,0,1,5,1242,15,wpbeginner,0.0,sd
238,1.883329,0,1,5,1242,15,wpbeginner,0.0,sd
239,1.883329,0,1,5,1242,15,wpbeginner,0.0,sd
240,1.883329,0,1,5,1242,15,wpbeginner,0.0,sd
