No.,Time,Source,Destination,Protocol,Length,Info,Site,Time Delta,Target
521,8.093445,1,0,0,1285,1,wpbeginner,0.549523999999999,sd
522,8.093529,1,0,0,1292,1,wpbeginner,8.400000000108321e-05,sd
523,8.093549,1,0,0,230,1,wpbeginner,1.9999999999242846e-05,sd
524,8.113454,0,1,0,67,1,wpbeginner,0.019905000000001394,sd
525,8.113454,0,1,0,211,1,wpbeginner,0.0,sd
526,8.127346,1,0,0,87,1,wpbeginner,0.013891999999998461,sd
527,9.40667,1,0,0,1164,1,wpbeginner,1.2793240000000008,sd
528,9.423198,0,1,0,68,1,wpbeginner,0.01652799999999921,sd
529,9.443746,0,1,0,1242,1,wpbeginner,0.020548000000001565,sd
530,9.44393,0,1,0,1242,1,wpbeginner,0.0001839999999990738,sd
531,9.44393,0,1,0,1242,1,wpbeginner,0.0,sd
532,9.446249,0,1,0,1242,1,wpbeginner,0.00231899999999996,sd
533,9.446249,0,1,0,1242,1,wpbeginner,0.0,sd
534,9.446249,0,1,0,1242,1,wpbeginner,0.0,sd
535,9.446249,0,1,0,1242,1,wpbeginner,0.0,sd
536,9.446249,0,1,0,1242,1,wpbeginner,0.0,sd
537,9.446249,0,1,0,1242,1,wpbeginner,0.0,sd
538,9.446249,0,1,0,1242,1,wpbeginner,0.0,sd
539,9.446249,0,1,0,1242,1,wpbeginner,0.0,sd
540,9.446249,0,1,0,1242,1,wpbeginner,0.0,sd
541,9.446249,0,1,0,1242,1,wpbeginner,0.0,sd
542,9.446249,0,1,0,1242,1,wpbeginner,0.0,sd
543,9.446249,0,1,0,1242,1,wpbeginner,0.0,sd
544,9.446249,0,1,0,1242,1,wpbeginner,0.0,sd
545,9.446249,0,1,0,1242,1,wpbeginner,0.0,sd
546,9.446249,0,1,0,1242,1,wpbeginner,0.0,sd
547,9.446249,0,1,0,1242,1,wpbeginner,0.0,sd
548,9.446249,0,1,0,1242,1,wpbeginner,0.0,sd
549,9.446249,0,1,0,1242,1,wpbeginner,0.0,sd
550,9.446249,0,1,0,1242,1,wpbeginner,0.0,sd
551,9.446249,0,1,0,1242,1,wpbeginner,0.0,sd
552,9.446249,0,1,0,1242,1,wpbeginner,0.0,sd
553,9.446249,0,1,0,1242,1,wpbeginner,0.0,sd
554,9.446249,0,1,0,1242,1,wpbeginner,0.0,sd
555,9.446249,0,1,0,1242,1,wpbeginner,0.0,sd
556,9.446249,0,1,0,1242,1,wpbeginner,0.0,sd
557,9.446249,0,1,0,1242,1,wpbeginner,0.0,sd
558,9.446249,0,1,0,1242,1,wpbeginner,0.0,sd
559,9.446249,0,1,0,1242,1,wpbeginner,0.0,sd
560,9.446249,0,1,0,1242,1,wpbeginner,0.0,sd
