No.,Time,Source,Destination,Protocol,Length,Info,Site,Time Delta,Target
241,4.291962,1,0,0,87,1,wpbeginner,0.005964999999999776,sd
242,4.301304,0,1,0,1242,1,wpbeginner,0.009342000000000183,sd
243,4.301801,0,1,0,428,1,wpbeginner,0.0004970000000001917,sd
244,4.307045,1,0,0,87,1,wpbeginner,0.00524399999999936,sd
245,6.019361,1,0,0,1166,1,wpbeginner,1.7123160000000004,sd
246,6.03871,0,1,0,68,1,wpbeginner,0.01934900000000006,sd
247,6.069688,0,1,0,377,1,wpbeginner,0.030978000000000172,sd
248,6.069688,0,1,0,1242,1,wpbeginner,0.0,sd
249,6.069688,0,1,0,1242,1,wpbeginner,0.0,sd
250,6.069688,0,1,0,1242,1,wpbeginner,0.0,sd
251,6.069688,0,1,0,1242,1,wpbeginner,0.0,sd
252,6.069688,0,1,0,1242,1,wpbeginner,0.0,sd
253,6.069688,0,1,0,1242,1,wpbeginner,0.0,sd
254,6.069688,0,1,0,1242,1,wpbeginner,0.0,sd
255,6.069688,0,1,0,224,1,wpbeginner,0.0,sd
256,6.069688,0,1,0,1242,1,wpbeginner,0.0,sd
257,6.069688,0,1,0,1242,1,wpbeginner,0.0,sd
258,6.069688,0,1,0,1242,1,wpbeginner,0.0,sd
259,6.069688,0,1,0,1242,1,wpbeginner,0.0,sd
260,6.069688,0,1,0,1242,1,wpbeginner,0.0,sd
261,6.069688,0,1,0,529,1,wpbeginner,0.0,sd
262,6.069688,0,1,0,1242,1,wpbeginner,0.0,sd
263,6.069688,0,1,0,1242,1,wpbeginner,0.0,sd
264,6.069688,0,1,0,1242,1,wpbeginner,0.0,sd
265,6.069688,0,1,0,1242,1,wpbeginner,0.0,sd
266,6.069688,0,1,0,1242,1,wpbeginner,0.0,sd
267,6.069688,0,1,0,1192,1,wpbeginner,0.0,sd
268,6.069688,0,1,0,1242,1,wpbeginner,0.0,sd
269,6.069688,0,1,0,1242,1,wpbeginner,0.0,sd
270,6.069688,0,1,0,1242,1,wpbeginner,0.0,sd
271,6.069688,0,1,0,1242,1,wpbeginner,0.0,sd
272,6.069688,0,1,0,1242,1,wpbeginner,0.0,sd
273,6.069688,0,1,0,673,1,wpbeginner,0.0,sd
274,6.069688,0,1,0,1242,1,wpbeginner,0.0,sd
275,6.069688,0,1,0,1242,1,wpbeginner,0.0,sd
276,6.069688,0,1,0,1242,1,wpbeginner,0.0,sd
277,6.069688,0,1,0,816,1,wpbeginner,0.0,sd
278,6.069688,0,1,0,1242,1,wpbeginner,0.0,sd
279,6.070095,0,1,0,1242,1,wpbeginner,0.0004070000000000462,sd
280,6.070095,0,1,0,1242,1,wpbeginner,0.0,sd
