No.,Time,Source,Destination,Protocol,Length,Info,Site,Time Delta,Target
201,2.268903,1,0,0,86,1,wpbeginner,0.0007669999999997401,sd
202,2.268947,0,1,0,1242,1,wpbeginner,4.399999999993298e-05,sd
203,2.268947,0,1,0,300,1,wpbeginner,0.0,sd
204,2.274774,0,1,0,1242,1,wpbeginner,0.005827000000000027,sd
205,2.274955,1,0,0,86,1,wpbeginner,0.00018099999999998673,sd
206,2.275474,0,1,0,1242,1,wpbeginner,0.0005190000000001582,sd
207,2.275474,0,1,0,1242,1,wpbeginner,0.0,sd
208,2.275474,0,1,0,1242,1,wpbeginner,0.0,sd
209,2.275474,0,1,0,1242,1,wpbeginner,0.0,sd
210,2.276222,0,1,0,988,1,wpbeginner,0.000748000000000193,sd
211,2.293784,1,0,0,87,1,wpbeginner,0.017561999999999856,sd
212,2.568141,1,0,0,1285,1,wpbeginner,0.27435699999999974,sd
213,2.568255,1,0,0,1292,1,wpbeginner,0.00011400000000039157,sd
214,2.568284,1,0,0,336,1,wpbeginner,2.899999999961267e-05,sd
215,2.587393,0,1,0,67,1,wpbeginner,0.019109000000000265,sd
216,2.587393,0,1,0,211,1,wpbeginner,0.0,sd
217,2.597151,1,0,0,87,1,wpbeginner,0.009758000000000155,sd
218,8.444981,1,0,0,1154,1,wpbeginner,5.84783,sd
219,8.461512,0,1,0,68,1,wpbeginner,0.016531000000000518,sd
220,8.48484,0,1,0,1242,1,wpbeginner,0.02332799999999935,sd
221,8.48484,0,1,0,1242,1,wpbeginner,0.0,sd
222,8.48484,0,1,0,1242,1,wpbeginner,0.0,sd
223,8.487306,0,1,0,1242,1,wpbeginner,0.0024660000000000792,sd
224,8.487306,0,1,0,1242,1,wpbeginner,0.0,sd
225,8.487306,0,1,0,1242,1,wpbeginner,0.0,sd
226,8.487306,0,1,0,1242,1,wpbeginner,0.0,sd
227,8.487306,0,1,0,1242,1,wpbeginner,0.0,sd
228,8.487306,0,1,0,1242,1,wpbeginner,0.0,sd
229,8.487306,0,1,0,1242,1,wpbeginner,0.0,sd
230,8.487306,0,1,0,1242,1,wpbeginner,0.0,sd
231,8.487306,0,1,0,1242,1,wpbeginner,0.0,sd
232,8.487306,0,1,0,1242,1,wpbeginner,0.0,sd
233,8.487306,0,1,0,1242,1,wpbeginner,0.0,sd
234,8.487306,0,1,0,1242,1,wpbeginner,0.0,sd
235,8.487306,0,1,0,1242,1,wpbeginner,0.0,sd
236,8.487306,0,1,0,1242,1,wpbeginner,0.0,sd
237,8.487306,0,1,0,1242,1,wpbeginner,0.0,sd
238,8.487306,0,1,0,1242,1,wpbeginner,0.0,sd
239,8.487612,1,0,0,86,1,wpbeginner,0.0003060000000001395,sd
240,8.487662,0,1,0,253,1,wpbeginner,4.999999999988347e-05,sd
