No.,Time,Source,Destination,Protocol,Length,Info,Site,Time Delta,Target
1,0.0,1,0,0,1155,1,wpbeginner,0.0,sd
2,0.016422,1,0,0,1149,1,wpbeginner,0.016422,sd
3,0.016546,0,1,0,68,1,wpbeginner,0.00012400000000000258,sd
4,0.01665,1,0,0,1149,1,wpbeginner,0.00010399999999999993,sd
5,0.034278,0,1,0,68,1,wpbeginner,0.017628,sd
6,0.103993,0,1,0,1242,1,wpbeginner,0.069715,sd
7,0.104181,0,1,0,1242,1,wpbeginner,0.00018799999999999373,sd
8,0.104181,0,1,0,1242,1,wpbeginner,0.0,sd
9,0.105418,0,1,0,1242,1,wpbeginner,0.001237000000000002,sd
10,0.105418,0,1,0,1242,1,wpbeginner,0.0,sd
11,0.105418,0,1,0,1242,1,wpbeginner,0.0,sd
12,0.105418,0,1,0,1242,1,wpbeginner,0.0,sd
13,0.105418,0,1,0,1242,1,wpbeginner,0.0,sd
14,0.105418,0,1,0,1242,1,wpbeginner,0.0,sd
15,0.105418,0,1,0,1242,1,wpbeginner,0.0,sd
16,0.105418,0,1,0,1242,1,wpbeginner,0.0,sd
17,0.105418,0,1,0,1242,1,wpbeginner,0.0,sd
18,0.105418,0,1,0,1242,1,wpbeginner,0.0,sd
19,0.105418,0,1,0,1242,1,wpbeginner,0.0,sd
20,0.105418,0,1,0,1242,1,wpbeginner,0.0,sd
21,0.105418,0,1,0,1242,1,wpbeginner,0.0,sd
22,0.105418,0,1,0,1242,1,wpbeginner,0.0,sd
23,0.105418,0,1,0,1242,1,wpbeginner,0.0,sd
24,0.105418,0,1,0,1242,1,wpbeginner,0.0,sd
25,0.105846,0,1,0,815,1,wpbeginner,0.0004279999999999978,sd
26,0.10593,1,0,0,86,1,wpbeginner,8.400000000000074e-05,sd
27,0.106104,1,0,0,86,1,wpbeginner,0.00017400000000000748,sd
28,0.114251,0,1,0,1242,1,wpbeginner,0.008147000000000001,sd
29,0.114251,0,1,0,1242,1,wpbeginner,0.0,sd
30,0.114251,0,1,0,1242,1,wpbeginner,0.0,sd
31,0.115326,0,1,0,1242,1,wpbeginner,0.0010749999999999926,sd
32,0.115326,0,1,0,1242,1,wpbeginner,0.0,sd
33,0.115326,0,1,0,1242,1,wpbeginner,0.0,sd
34,0.115326,0,1,0,1242,1,wpbeginner,0.0,sd
35,0.115326,0,1,0,1242,1,wpbeginner,0.0,sd
36,0.115326,0,1,0,297,1,wpbeginner,0.0,sd
37,0.115326,0,1,0,1242,1,wpbeginner,0.0,sd
38,0.115326,0,1,0,1242,1,wpbeginner,0.0,sd
39,0.115326,0,1,0,1242,1,wpbeginner,0.0,sd
40,0.115326,0,1,0,1242,1,wpbeginner,0.0,sd
