No.,Time,Source,Destination,Protocol,Length,Info,Site,Time Delta,Target
41,2.433699,0,1,0,1242,1,wpbeginner,0.0,sd
42,2.433699,0,1,0,1242,1,wpbeginner,0.0,sd
43,2.433699,0,1,0,1242,1,wpbeginner,0.0,sd
44,2.433699,0,1,0,873,1,wpbeginner,0.0,sd
45,2.433699,0,1,0,1242,1,wpbeginner,0.0,sd
46,2.433699,0,1,0,1242,1,wpbeginner,0.0,sd
47,2.433896,1,0,0,86,1,wpbeginner,0.00019700000000000273,sd
48,2.434224,0,1,0,1242,1,wpbeginner,0.000328000000000106,sd
49,2.434224,0,1,0,1242,1,wpbeginner,0.0,sd
50,2.434224,0,1,0,1242,1,wpbeginner,0.0,sd
51,2.434224,0,1,0,797,1,wpbeginner,0.0,sd
52,2.434224,0,1,0,1242,1,wpbeginner,0.0,sd
53,2.434224,0,1,0,1242,1,wpbeginner,0.0,sd
54,2.436324,0,1,0,842,1,wpbeginner,0.0020999999999999908,sd
55,2.438925,1,0,0,87,1,wpbeginner,0.0026009999999998534,sd
56,2.443913,1,0,0,1066,1,wpbeginner,0.0049879999999999924,sd
57,2.444017,1,0,0,1146,1,wpbeginner,0.00010400000000032605,sd
58,2.45024,0,1,0,1242,1,wpbeginner,0.0062229999999998675,sd
59,2.45024,0,1,0,1242,1,wpbeginner,0.0,sd
60,2.45024,0,1,0,1242,1,wpbeginner,0.0,sd
61,2.45024,0,1,0,1242,1,wpbeginner,0.0,sd
62,2.45024,0,1,0,1242,1,wpbeginner,0.0,sd
63,2.45024,0,1,0,1242,1,wpbeginner,0.0,sd
64,2.45024,0,1,0,1242,1,wpbeginner,0.0,sd
65,2.45024,0,1,0,1242,1,wpbeginner,0.0,sd
66,2.45024,0,1,0,1242,1,wpbeginner,0.0,sd
67,2.45024,0,1,0,1242,1,wpbeginner,0.0,sd
68,2.45024,0,1,0,360,1,wpbeginner,0.0,sd
69,2.45024,0,1,0,1242,1,wpbeginner,0.0,sd
70,2.45024,0,1,0,1242,1,wpbeginner,0.0,sd
71,2.45024,0,1,0,1242,1,wpbeginner,0.0,sd
72,2.450628,1,0,0,86,1,wpbeginner,0.00038800000000005497,sd
73,2.45132,0,1,0,1242,1,wpbeginner,0.0006919999999999149,sd
74,2.45132,0,1,0,1242,1,wpbeginner,0.0,sd
75,2.45132,0,1,0,1242,1,wpbeginner,0.0,sd
76,2.45132,0,1,0,1242,1,wpbeginner,0.0,sd
77,2.45132,0,1,0,1242,1,wpbeginner,0.0,sd
78,2.45132,0,1,0,1242,1,wpbeginner,0.0,sd
79,2.45132,0,1,0,1242,1,wpbeginner,0.0,sd
80,2.45132,0,1,0,1242,1,wpbeginner,0.0,sd
