No.,Time,Source,Destination,Protocol,Length,Info,Site,Time Delta,Target
401,7.542888,0,1,0,1242,1,wpbeginner,0.0,sd
402,7.543336,0,1,0,321,1,wpbeginner,0.00044800000000044804,sd
403,7.545648,1,0,0,88,1,wpbeginner,0.0023119999999998697,sd
404,7.551632,0,1,0,1242,1,wpbeginner,0.005983999999999767,sd
405,7.556643,0,1,0,610,1,wpbeginner,0.005011000000000543,sd
406,7.556643,0,1,0,211,1,wpbeginner,0.0,sd
407,7.556948,1,0,0,86,1,wpbeginner,0.0003049999999999997,sd
408,7.564351,1,0,0,87,1,wpbeginner,0.007403000000000048,sd
409,7.731731,1,0,0,1146,1,wpbeginner,0.16737999999999964,sd
410,7.732295,1,0,0,1134,1,wpbeginner,0.0005639999999997869,sd
411,7.748951,0,1,0,70,1,wpbeginner,0.016656000000000226,sd
412,7.753776,1,0,0,87,1,wpbeginner,0.004825000000000301,sd
413,7.767942,0,1,0,1242,1,wpbeginner,0.014165999999999457,sd
414,7.769096,0,1,0,1242,1,wpbeginner,0.0011540000000005435,sd
415,7.769096,0,1,0,1242,1,wpbeginner,0.0,sd
416,7.769096,0,1,0,1242,1,wpbeginner,0.0,sd
417,7.769096,0,1,0,1242,1,wpbeginner,0.0,sd
418,7.770702,0,1,0,1242,1,wpbeginner,0.0016059999999997743,sd
419,7.770702,0,1,0,1242,1,wpbeginner,0.0,sd
420,7.770702,0,1,0,1242,1,wpbeginner,0.0,sd
421,7.770702,0,1,0,1242,1,wpbeginner,0.0,sd
422,7.770702,0,1,0,1242,1,wpbeginner,0.0,sd
423,7.770702,0,1,0,1242,1,wpbeginner,0.0,sd
424,7.770702,0,1,0,1242,1,wpbeginner,0.0,sd
425,7.770702,0,1,0,1242,1,wpbeginner,0.0,sd
426,7.770702,0,1,0,1242,1,wpbeginner,0.0,sd
427,7.770702,0,1,0,1242,1,wpbeginner,0.0,sd
428,7.770702,0,1,0,1242,1,wpbeginner,0.0,sd
429,7.770702,0,1,0,1242,1,wpbeginner,0.0,sd
430,7.770702,0,1,0,1242,1,wpbeginner,0.0,sd
431,7.770702,0,1,0,1242,1,wpbeginner,0.0,sd
432,7.770702,0,1,0,1242,1,wpbeginner,0.0,sd
433,7.770702,0,1,0,1242,1,wpbeginner,0.0,sd
434,7.770702,0,1,0,1242,1,wpbeginner,0.0,sd
435,7.770702,0,1,0,1242,1,wpbeginner,0.0,sd
436,7.770702,0,1,0,1242,1,wpbeginner,0.0,sd
437,7.770702,0,1,0,1242,1,wpbeginner,0.0,sd
438,7.770702,0,1,0,1242,1,wpbeginner,0.0,sd
439,7.770702,0,1,0,1242,1,wpbeginner,0.0,sd
440,7.770702,0,1,0,1242,1,wpbeginner,0.0,sd
