No.,Time,Source,Destination,Protocol,Length,Info,Site,Time Delta,Target
321,11.77509,1,0,0,83,1,wpbeginner,0.20397400000000054,sd
322,11.790789,0,1,0,67,1,wpbeginner,0.015698999999999685,sd
323,11.994293,1,0,0,83,1,wpbeginner,0.20350400000000057,sd
324,12.009509,0,1,0,67,1,wpbeginner,0.015215999999998786,sd
325,12.21198,1,0,0,83,1,wpbeginner,0.20247100000000096,sd
326,12.227378,0,1,0,67,1,wpbeginner,0.015397999999999357,sd
327,12.441788,1,0,0,83,1,wpbeginner,0.21441000000000088,sd
328,12.457552,0,1,0,67,1,wpbeginner,0.015763999999999,sd
329,12.661348,1,0,0,83,1,wpbeginner,0.20379600000000053,sd
330,12.676738,0,1,0,67,1,wpbeginner,0.015390000000000015,sd
331,13.07619,0,1,0,421,1,wpbeginner,0.39945200000000014,sd
332,13.077496,0,1,0,1242,1,wpbeginner,0.0013059999999995853,sd
333,13.077914,1,0,0,87,1,wpbeginner,0.0004179999999998074,sd
334,13.078729,0,1,0,1242,1,wpbeginner,0.000814999999999344,sd
335,13.078729,0,1,0,1242,1,wpbeginner,0.0,sd
336,13.078729,0,1,0,1242,1,wpbeginner,0.0,sd
337,13.078729,0,1,0,1242,1,wpbeginner,0.0,sd
338,13.078729,0,1,0,1242,1,wpbeginner,0.0,sd
339,13.078729,0,1,0,1242,1,wpbeginner,0.0,sd
340,13.078729,0,1,0,1242,1,wpbeginner,0.0,sd
341,13.078729,0,1,0,1242,1,wpbeginner,0.0,sd
342,13.078729,0,1,0,1242,1,wpbeginner,0.0,sd
343,13.078729,0,1,0,1242,1,wpbeginner,0.0,sd
344,13.079256,1,0,0,86,1,wpbeginner,0.0005270000000017205,sd
345,13.079341,0,1,0,1242,1,wpbeginner,8.499999999855845e-05,sd
346,13.079341,0,1,0,381,1,wpbeginner,0.0,sd
347,13.079341,0,1,0,1242,1,wpbeginner,0.0,sd
348,13.079341,0,1,0,1242,1,wpbeginner,0.0,sd
349,13.079341,0,1,0,1242,1,wpbeginner,0.0,sd
350,13.079341,0,1,0,1242,1,wpbeginner,0.0,sd
351,13.080339,0,1,0,1242,1,wpbeginner,0.0009980000000009426,sd
352,13.080339,0,1,0,1070,1,wpbeginner,0.0,sd
353,13.080339,0,1,0,1242,1,wpbeginner,0.0,sd
354,13.080339,0,1,0,1242,1,wpbeginner,0.0,sd
355,13.080339,0,1,0,1242,1,wpbeginner,0.0,sd
356,13.080339,0,1,0,1242,1,wpbeginner,0.0,sd
357,13.080339,0,1,0,1242,1,wpbeginner,0.0,sd
358,13.080339,0,1,0,726,1,wpbeginner,0.0,sd
359,13.080339,0,1,0,1242,1,wpbeginner,0.0,sd
360,13.080339,0,1,0,1242,1,wpbeginner,0.0,sd
