No.,Time,Source,Destination,Protocol,Length,Info,Site,Time Delta,Target
161,1.859067,1,0,5,86,15,wpbeginner,0.00010299999999996423,sd
162,1.859189,1,0,5,91,15,wpbeginner,0.00012199999999995548,sd
163,1.862332,0,1,5,1242,15,wpbeginner,0.003143000000000118,sd
164,1.862332,0,1,5,1242,15,wpbeginner,0.0,sd
165,1.862332,0,1,5,1242,15,wpbeginner,0.0,sd
166,1.862332,0,1,5,1242,15,wpbeginner,0.0,sd
167,1.862332,0,1,5,1242,15,wpbeginner,0.0,sd
168,1.862332,0,1,5,1003,15,wpbeginner,0.0,sd
169,1.862332,0,1,5,1242,15,wpbeginner,0.0,sd
170,1.862332,0,1,5,1242,15,wpbeginner,0.0,sd
171,1.862332,0,1,5,1242,15,wpbeginner,0.0,sd
172,1.862332,0,1,5,1242,15,wpbeginner,0.0,sd
173,1.862332,0,1,5,1242,15,wpbeginner,0.0,sd
174,1.862332,0,1,5,1242,15,wpbeginner,0.0,sd
175,1.862332,0,1,5,1242,15,wpbeginner,0.0,sd
176,1.862332,0,1,5,1242,15,wpbeginner,0.0,sd
177,1.862332,0,1,5,1242,15,wpbeginner,0.0,sd
178,1.862332,0,1,5,1242,15,wpbeginner,0.0,sd
179,1.862332,0,1,5,1242,15,wpbeginner,0.0,sd
180,1.862332,0,1,5,1242,15,wpbeginner,0.0,sd
181,1.862332,0,1,5,1242,15,wpbeginner,0.0,sd
182,1.862332,0,1,5,1242,15,wpbeginner,0.0,sd
183,1.862332,0,1,5,1242,15,wpbeginner,0.0,sd
184,1.862332,0,1,5,1242,15,wpbeginner,0.0,sd
185,1.862332,0,1,5,841,15,wpbeginner,0.0,sd
186,1.862332,0,1,5,1242,15,wpbeginner,0.0,sd
187,1.862787,0,1,5,1242,15,wpbeginner,0.0004549999999998722,sd
188,1.862787,0,1,5,1242,15,wpbeginner,0.0,sd
189,1.862861,1,0,5,86,15,wpbeginner,7.400000000012952e-05,sd
190,1.862918,0,1,5,756,15,wpbeginner,5.699999999997374e-05,sd
191,1.862918,0,1,5,1242,15,wpbeginner,0.0,sd
192,1.863003,1,0,5,86,15,wpbeginner,8.499999999989072e-05,sd
193,1.863072,1,0,5,86,15,wpbeginner,6.900000000009676e-05,sd
194,1.863205,0,1,5,1242,15,wpbeginner,0.00013299999999993872,sd
195,1.863205,0,1,5,563,15,wpbeginner,0.0,sd
196,1.863215,1,0,5,86,15,wpbeginner,1.0000000000065512e-05,sd
197,1.863284,1,0,5,86,15,wpbeginner,6.899999999987472e-05,sd
198,1.863346,1,0,5,86,15,wpbeginner,6.20000000000065e-05,sd
199,1.863418,1,0,5,86,15,wpbeginner,7.2000000000072e-05,sd
200,1.863487,1,0,5,86,15,wpbeginner,6.899999999987472e-05,sd
