No.,Time,Source,Destination,Protocol,Length,Info,Site,Time Delta,Target
201,9.20552,1,0,0,86,1,wpbeginner,0.0004569999999990415,sd
202,9.205637,0,1,0,1242,1,wpbeginner,0.00011699999999947863,sd
203,9.205637,0,1,0,696,1,wpbeginner,0.0,sd
204,9.205637,0,1,0,1242,1,wpbeginner,0.0,sd
205,9.205637,0,1,0,1242,1,wpbeginner,0.0,sd
206,9.205637,0,1,0,1242,1,wpbeginner,0.0,sd
207,9.205637,0,1,0,1242,1,wpbeginner,0.0,sd
208,9.20642,1,0,0,86,1,wpbeginner,0.0007830000000002002,sd
209,9.206607,0,1,0,1242,1,wpbeginner,0.0001870000000003813,sd
210,9.206607,0,1,0,177,1,wpbeginner,0.0,sd
211,9.212289,1,0,0,87,1,wpbeginner,0.005682000000000187,sd
212,9.219129,1,0,0,1039,1,wpbeginner,0.006840000000000401,sd
213,9.219305,1,0,0,1286,1,wpbeginner,0.00017599999999973193,sd
214,9.219362,1,0,0,329,1,wpbeginner,5.699999999997374e-05,sd
215,9.237266,0,1,0,67,1,wpbeginner,0.017903999999999698,sd
216,9.261207,0,1,0,211,1,wpbeginner,0.023941000000000656,sd
217,9.268048,1,0,0,87,1,wpbeginner,0.006840999999999653,sd
218,9.379992,1,0,0,1140,1,wpbeginner,0.11194399999999938,sd
219,9.38107,1,0,0,1112,1,wpbeginner,0.0010779999999996903,sd
220,9.396134,0,1,0,68,1,wpbeginner,0.015064000000000632,sd
221,9.397023,0,1,0,67,1,wpbeginner,0.0008890000000008058,sd
222,9.423716,0,1,0,1242,1,wpbeginner,0.026692999999999856,sd
223,9.423716,0,1,0,1242,1,wpbeginner,0.0,sd
224,9.423716,0,1,0,1242,1,wpbeginner,0.0,sd
225,9.423716,0,1,0,1242,1,wpbeginner,0.0,sd
226,9.423716,0,1,0,1242,1,wpbeginner,0.0,sd
227,9.423716,0,1,0,1242,1,wpbeginner,0.0,sd
228,9.423716,0,1,0,1242,1,wpbeginner,0.0,sd
229,9.423716,0,1,0,1242,1,wpbeginner,0.0,sd
230,9.423716,0,1,0,1242,1,wpbeginner,0.0,sd
231,9.423716,0,1,0,1242,1,wpbeginner,0.0,sd
232,9.423716,0,1,0,1242,1,wpbeginner,0.0,sd
233,9.423716,0,1,0,1242,1,wpbeginner,0.0,sd
234,9.423716,0,1,0,1242,1,wpbeginner,0.0,sd
235,9.423716,0,1,0,1242,1,wpbeginner,0.0,sd
236,9.423716,0,1,0,1242,1,wpbeginner,0.0,sd
237,9.423716,0,1,0,156,1,wpbeginner,0.0,sd
238,9.423716,0,1,0,1242,1,wpbeginner,0.0,sd
239,9.423716,0,1,0,1242,1,wpbeginner,0.0,sd
240,9.423716,0,1,0,1242,1,wpbeginner,0.0,sd
