No.,Time,Source,Destination,Protocol,Length,Info,Site,Time Delta,Target
121,1.838143,1,0,5,85,15,wpbeginner,0.00019200000000019202,sd
122,1.83821,1,0,5,85,15,wpbeginner,6.69999999998172e-05,sd
123,1.838252,1,0,5,85,15,wpbeginner,4.2000000000097515e-05,sd
124,1.838883,0,1,5,199,15,wpbeginner,0.0006310000000000482,sd
125,1.838883,0,1,5,1242,15,wpbeginner,0.0,sd
126,1.838883,0,1,5,1242,15,wpbeginner,0.0,sd
127,1.838883,0,1,5,1242,15,wpbeginner,0.0,sd
128,1.838883,0,1,5,1242,15,wpbeginner,0.0,sd
129,1.838883,0,1,5,1242,15,wpbeginner,0.0,sd
130,1.839118,1,0,5,85,15,wpbeginner,0.00023499999999998522,sd
131,1.839235,0,1,5,1242,15,wpbeginner,0.00011699999999992272,sd
132,1.839235,0,1,5,756,15,wpbeginner,0.0,sd
133,1.839264,1,0,5,85,15,wpbeginner,2.9000000000056758e-05,sd
134,1.839326,1,0,5,85,15,wpbeginner,6.20000000000065e-05,sd
135,1.839371,1,0,5,86,15,wpbeginner,4.500000000007276e-05,sd
136,1.846397,0,1,5,1242,15,wpbeginner,0.007025999999999977,sd
137,1.846695,1,0,5,86,15,wpbeginner,0.00029799999999990945,sd
138,1.846875,0,1,5,1242,15,wpbeginner,0.000180000000000069,sd
139,1.846875,0,1,5,563,15,wpbeginner,0.0,sd
140,1.847055,1,0,5,86,15,wpbeginner,0.00017999999999984695,sd
141,1.8577,0,1,5,1242,15,wpbeginner,0.010645000000000016,sd
142,1.857828,0,1,5,1242,15,wpbeginner,0.000128000000000128,sd
143,1.857828,0,1,5,1242,15,wpbeginner,0.0,sd
144,1.857967,1,0,5,86,15,wpbeginner,0.0001389999999998892,sd
145,1.85849,0,1,5,943,15,wpbeginner,0.0005230000000000512,sd
146,1.85849,0,1,5,1242,15,wpbeginner,0.0,sd
147,1.85849,0,1,5,1242,15,wpbeginner,0.0,sd
148,1.85849,0,1,5,1242,15,wpbeginner,0.0,sd
149,1.85849,0,1,5,1242,15,wpbeginner,0.0,sd
150,1.85849,0,1,5,1242,15,wpbeginner,0.0,sd
151,1.85849,0,1,5,1242,15,wpbeginner,0.0,sd
152,1.85849,0,1,5,823,15,wpbeginner,0.0,sd
153,1.85849,0,1,5,564,15,wpbeginner,0.0,sd
154,1.85849,0,1,5,1242,15,wpbeginner,0.0,sd
155,1.85849,0,1,5,843,15,wpbeginner,0.0,sd
156,1.85849,0,1,5,1242,15,wpbeginner,0.0,sd
157,1.858677,1,0,5,86,15,wpbeginner,0.00018699999999993722,sd
158,1.85885,1,0,5,86,15,wpbeginner,0.00017299999999997873,sd
159,1.858915,1,0,5,86,15,wpbeginner,6.500000000020378e-05,sd
160,1.858964,1,0,5,86,15,wpbeginner,4.899999999996574e-05,sd
