No.,Time,Source,Destination,Protocol,Length,Info,Site,Time Delta,Target
41,1.665286,0,1,5,1242,15,wpbeginner,0.0,sd
42,1.665286,0,1,5,989,15,wpbeginner,0.0,sd
43,1.665286,0,1,5,485,15,wpbeginner,0.0,sd
44,1.665672,1,0,5,85,15,wpbeginner,0.00038599999999999746,sd
45,1.665795,1,0,5,85,15,wpbeginner,0.0001229999999998732,sd
46,1.665863,1,0,5,85,15,wpbeginner,6.800000000017903e-05,sd
47,1.665926,1,0,5,85,15,wpbeginner,6.299999999992423e-05,sd
48,1.666104,1,0,5,85,15,wpbeginner,0.00017800000000001148,sd
49,1.666193,1,0,5,85,15,wpbeginner,8.900000000000574e-05,sd
50,1.68129,0,1,5,1242,15,wpbeginner,0.015096999999999916,sd
51,1.68129,0,1,5,1242,15,wpbeginner,0.0,sd
52,1.68129,0,1,5,419,15,wpbeginner,0.0,sd
53,1.681525,1,0,5,85,15,wpbeginner,0.00023499999999998522,sd
54,1.681774,0,1,5,1242,15,wpbeginner,0.00024900000000016576,sd
55,1.681774,0,1,5,1242,15,wpbeginner,0.0,sd
56,1.681774,0,1,5,1242,15,wpbeginner,0.0,sd
57,1.681774,0,1,5,1242,15,wpbeginner,0.0,sd
58,1.681918,1,0,5,85,15,wpbeginner,0.00014399999999992197,sd
59,1.681996,1,0,5,85,15,wpbeginner,7.80000000000225e-05,sd
60,1.68253,0,1,5,1242,15,wpbeginner,0.0005340000000000344,sd
61,1.68253,0,1,5,1242,15,wpbeginner,0.0,sd
62,1.68253,0,1,5,1242,15,wpbeginner,0.0,sd
63,1.68253,0,1,5,1242,15,wpbeginner,0.0,sd
64,1.68253,0,1,5,1242,15,wpbeginner,0.0,sd
65,1.68253,0,1,5,1242,15,wpbeginner,0.0,sd
66,1.68253,0,1,5,675,15,wpbeginner,0.0,sd
67,1.68253,0,1,5,1242,15,wpbeginner,0.0,sd
68,1.683058,0,1,5,1242,15,wpbeginner,0.0005279999999998619,sd
69,1.683058,0,1,5,641,15,wpbeginner,0.0,sd
70,1.683084,1,0,5,85,15,wpbeginner,2.6000000000081513e-05,sd
71,1.683189,1,0,5,85,15,wpbeginner,0.00010500000000002174,sd
72,1.683243,1,0,5,85,15,wpbeginner,5.3999999999998494e-05,sd
73,1.683294,1,0,5,85,15,wpbeginner,5.100000000002325e-05,sd
74,1.683347,1,0,5,85,15,wpbeginner,5.2999999999858716e-05,sd
75,1.685044,1,0,0,1081,1,wpbeginner,0.0016970000000000596,sd
76,1.685789,1,0,0,1286,1,wpbeginner,0.0007449999999999957,sd
77,1.685829,1,0,0,377,1,wpbeginner,4.0000000000040004e-05,sd
78,1.70388,0,1,0,68,1,wpbeginner,0.01805100000000004,sd
79,1.70388,0,1,0,67,1,wpbeginner,0.0,sd
80,1.71032,0,1,0,211,1,wpbeginner,0.006440000000000001,sd
