No.,Time,Source,Destination,Protocol,Length,Info,Site,Time Delta,Target
161,11.87617,0,1,0,1242,1,wpbeginner,0.0,sd
162,11.87617,0,1,0,1242,1,wpbeginner,0.0,sd
163,11.87617,0,1,0,1242,1,wpbeginner,0.0,sd
164,11.87617,0,1,0,1242,1,wpbeginner,0.0,sd
165,11.87617,0,1,0,1242,1,wpbeginner,0.0,sd
166,11.876835,0,1,0,1242,1,wpbeginner,0.0006649999999996936,sd
167,11.876835,0,1,0,853,1,wpbeginner,0.0,sd
168,11.876972,1,0,0,86,1,wpbeginner,0.00013700000000049783,sd
169,11.877182,1,0,0,86,1,wpbeginner,0.0002099999999991553,sd
170,11.877331,1,0,0,86,1,wpbeginner,0.0001490000000003988,sd
171,11.884442,1,0,0,87,1,wpbeginner,0.0071110000000000895,sd
172,11.89275,0,1,0,1242,1,wpbeginner,0.008307999999999538,sd
173,11.89379,0,1,0,1242,1,wpbeginner,0.0010399999999997078,sd
174,11.89379,0,1,0,1242,1,wpbeginner,0.0,sd
175,11.89379,0,1,0,1242,1,wpbeginner,0.0,sd
176,11.89379,0,1,0,1242,1,wpbeginner,0.0,sd
177,11.89379,0,1,0,1242,1,wpbeginner,0.0,sd
178,11.89379,0,1,0,1242,1,wpbeginner,0.0,sd
179,11.89379,0,1,0,1242,1,wpbeginner,0.0,sd
180,11.89379,0,1,0,1242,1,wpbeginner,0.0,sd
181,11.89379,0,1,0,1242,1,wpbeginner,0.0,sd
182,11.89379,0,1,0,1242,1,wpbeginner,0.0,sd
183,11.89412,0,1,0,135,1,wpbeginner,0.00032999999999994145,sd
184,11.894146,1,0,0,86,1,wpbeginner,2.6000000000081513e-05,sd
185,11.89945,1,0,0,87,1,wpbeginner,0.0053040000000006415,sd
186,12.336274,1,0,0,1131,1,wpbeginner,0.43682399999999966,sd
187,12.35211,0,1,0,68,1,wpbeginner,0.015836000000000183,sd
188,12.379397,0,1,0,1242,1,wpbeginner,0.02728700000000117,sd
189,12.379397,0,1,0,1242,1,wpbeginner,0.0,sd
190,12.379397,0,1,0,1242,1,wpbeginner,0.0,sd
191,12.379397,0,1,0,1242,1,wpbeginner,0.0,sd
192,12.379397,0,1,0,1242,1,wpbeginner,0.0,sd
193,12.379397,0,1,0,1242,1,wpbeginner,0.0,sd
194,12.379397,0,1,0,1242,1,wpbeginner,0.0,sd
195,12.379397,0,1,0,1242,1,wpbeginner,0.0,sd
196,12.379397,0,1,0,1242,1,wpbeginner,0.0,sd
197,12.379397,0,1,0,1242,1,wpbeginner,0.0,sd
198,12.379397,0,1,0,1242,1,wpbeginner,0.0,sd
199,12.379397,0,1,0,893,1,wpbeginner,0.0,sd
200,12.379795,1,0,0,86,1,wpbeginner,0.0003979999999987882,sd
