No.,Time,Source,Destination,Protocol,Length,Info,Site,Time Delta,Target
281,2.000357,1,0,5,86,15,wpbeginner,0.0003540000000001875,sd
282,2.002128,0,1,5,600,15,wpbeginner,0.001770999999999745,sd
283,2.005033,0,1,5,1242,15,wpbeginner,0.0029050000000001575,sd
284,2.005486,0,1,5,1242,15,wpbeginner,0.00045299999999981466,sd
285,2.005486,0,1,5,383,15,wpbeginner,0.0,sd
286,2.006554,1,0,5,87,15,wpbeginner,0.001068000000000069,sd
287,2.008013,0,1,5,1242,15,wpbeginner,0.001459000000000099,sd
288,2.008304,0,1,5,1242,15,wpbeginner,0.0002909999999998192,sd
289,2.008304,0,1,5,1242,15,wpbeginner,0.0,sd
290,2.008681,0,1,5,1242,15,wpbeginner,0.00037700000000029377,sd
291,2.008681,0,1,5,617,15,wpbeginner,0.0,sd
292,2.014882,0,1,5,1242,15,wpbeginner,0.006200999999999901,sd
293,2.015275,1,0,5,86,15,wpbeginner,0.0003929999999998657,sd
294,2.016202,0,1,5,1242,15,wpbeginner,0.0009269999999999001,sd
295,2.016202,0,1,5,1242,15,wpbeginner,0.0,sd
296,2.016202,0,1,5,1242,15,wpbeginner,0.0,sd
297,2.016202,0,1,5,1242,15,wpbeginner,0.0,sd
298,2.016202,0,1,5,1242,15,wpbeginner,0.0,sd
299,2.016202,0,1,5,1242,15,wpbeginner,0.0,sd
300,2.016202,0,1,5,1242,15,wpbeginner,0.0,sd
301,2.016202,0,1,5,1242,15,wpbeginner,0.0,sd
302,2.016202,0,1,5,1242,15,wpbeginner,0.0,sd
303,2.016202,0,1,5,1242,15,wpbeginner,0.0,sd
304,2.016202,0,1,5,1242,15,wpbeginner,0.0,sd
305,2.016202,0,1,5,1242,15,wpbeginner,0.0,sd
306,2.016445,0,1,5,111,15,wpbeginner,0.00024300000000021527,sd
307,2.017101,1,0,5,86,15,wpbeginner,0.0006559999999997679,sd
308,2.019029,0,1,5,624,15,wpbeginner,0.0019280000000003739,sd
309,2.022025,1,0,5,87,15,wpbeginner,0.0029959999999999987,sd
310,2.022757,1,0,5,891,15,wpbeginner,0.0007319999999997329,sd
311,2.023006,1,0,5,879,15,wpbeginner,0.00024900000000016576,sd
312,2.024439,0,1,5,1242,15,wpbeginner,0.0014330000000000176,sd
313,2.024613,0,1,5,1242,15,wpbeginner,0.00017399999999989646,sd
314,2.024613,0,1,5,1242,15,wpbeginner,0.0,sd
315,2.02563,0,1,5,1242,15,wpbeginner,0.0010170000000000456,sd
316,2.02563,0,1,5,1242,15,wpbeginner,0.0,sd
317,2.02563,0,1,5,1242,15,wpbeginner,0.0,sd
318,2.02563,0,1,5,1242,15,wpbeginner,0.0,sd
319,2.02563,0,1,5,1242,15,wpbeginner,0.0,sd
320,2.02563,0,1,5,1242,15,wpbeginner,0.0,sd
