No.,Time,Source,Destination,Protocol,Length,Info,Site,Time Delta,Target
161,9.186725,0,1,0,1242,1,wpbeginner,0.0,sd
162,9.187085,1,0,0,86,1,wpbeginner,0.0003600000000005821,sd
163,9.187244,0,1,0,270,1,wpbeginner,0.00015900000000002024,sd
164,9.187244,0,1,0,1242,1,wpbeginner,0.0,sd
165,9.187244,0,1,0,1242,1,wpbeginner,0.0,sd
166,9.187244,0,1,0,1242,1,wpbeginner,0.0,sd
167,9.187244,0,1,0,1242,1,wpbeginner,0.0,sd
168,9.187244,0,1,0,1242,1,wpbeginner,0.0,sd
169,9.18793,0,1,0,1242,1,wpbeginner,0.0006859999999999644,sd
170,9.18793,0,1,0,391,1,wpbeginner,0.0,sd
171,9.18793,0,1,0,1242,1,wpbeginner,0.0,sd
172,9.18793,0,1,0,1242,1,wpbeginner,0.0,sd
173,9.18793,0,1,0,1242,1,wpbeginner,0.0,sd
174,9.18793,0,1,0,1242,1,wpbeginner,0.0,sd
175,9.188041,1,0,0,86,1,wpbeginner,0.00011100000000041632,sd
176,9.188435,0,1,0,1189,1,wpbeginner,0.00039400000000000546,sd
177,9.188435,0,1,0,1242,1,wpbeginner,0.0,sd
178,9.188435,0,1,0,1242,1,wpbeginner,0.0,sd
179,9.188435,0,1,0,1242,1,wpbeginner,0.0,sd
180,9.189019,1,0,0,86,1,wpbeginner,0.0005839999999999179,sd
181,9.189354,0,1,0,1242,1,wpbeginner,0.00033499999999975216,sd
182,9.189354,0,1,0,1132,1,wpbeginner,0.0,sd
183,9.203988,0,1,0,1242,1,wpbeginner,0.014634000000000924,sd
184,9.20412,0,1,0,1242,1,wpbeginner,0.00013199999999891077,sd
185,9.20412,0,1,0,1242,1,wpbeginner,0.0,sd
186,9.204301,1,0,0,86,1,wpbeginner,0.00018099999999954264,sd
187,9.205063,0,1,0,1242,1,wpbeginner,0.0007620000000017058,sd
188,9.205063,0,1,0,1242,1,wpbeginner,0.0,sd
189,9.205063,0,1,0,1242,1,wpbeginner,0.0,sd
190,9.205063,0,1,0,1242,1,wpbeginner,0.0,sd
191,9.205063,0,1,0,1242,1,wpbeginner,0.0,sd
192,9.205063,0,1,0,1242,1,wpbeginner,0.0,sd
193,9.205063,0,1,0,1242,1,wpbeginner,0.0,sd
194,9.205063,0,1,0,1242,1,wpbeginner,0.0,sd
195,9.205063,0,1,0,1242,1,wpbeginner,0.0,sd
196,9.205063,0,1,0,1242,1,wpbeginner,0.0,sd
197,9.205063,0,1,0,1242,1,wpbeginner,0.0,sd
198,9.205063,0,1,0,1242,1,wpbeginner,0.0,sd
199,9.205063,0,1,0,1242,1,wpbeginner,0.0,sd
200,9.205063,0,1,0,1242,1,wpbeginner,0.0,sd
