No.,Time,Source,Destination,Protocol,Length,Info,Site,Time Delta,Target
361,2.880885,0,1,5,1242,15,wpbeginner,0.06479999999999997,sd
362,2.880885,0,1,5,1242,15,wpbeginner,0.0,sd
363,2.880885,0,1,5,1242,15,wpbeginner,0.0,sd
364,2.880885,0,1,5,964,15,wpbeginner,0.0,sd
365,2.890515,1,0,5,87,15,wpbeginner,0.009630000000000027,sd
366,2.906127,0,1,5,64,15,wpbeginner,0.01561199999999996,sd
367,2.925711,1,0,5,87,15,wpbeginner,0.019584000000000046,sd
368,7.077385,1,0,0,1217,1,wpbeginner,4.151674,sd
369,7.102884,0,1,0,68,1,wpbeginner,0.025499000000000827,sd
370,7.121425,0,1,0,422,1,wpbeginner,0.01854099999999992,sd
371,7.122652,0,1,0,1242,1,wpbeginner,0.0012270000000000891,sd
372,7.122875,0,1,0,1242,1,wpbeginner,0.00022299999999919606,sd
373,7.122875,0,1,0,1242,1,wpbeginner,0.0,sd
374,7.123229,0,1,0,1242,1,wpbeginner,0.0003540000000006316,sd
375,7.123229,0,1,0,1242,1,wpbeginner,0.0,sd
376,7.123229,0,1,0,1242,1,wpbeginner,0.0,sd
377,7.123229,0,1,0,1242,1,wpbeginner,0.0,sd
378,7.132862,0,1,0,1209,1,wpbeginner,0.009633000000000003,sd
379,7.132862,0,1,0,1242,1,wpbeginner,0.0,sd
380,7.132862,0,1,0,1242,1,wpbeginner,0.0,sd
381,7.132862,0,1,0,1242,1,wpbeginner,0.0,sd
382,7.132862,0,1,0,1242,1,wpbeginner,0.0,sd
383,7.132862,0,1,0,1150,1,wpbeginner,0.0,sd
384,7.132862,0,1,0,1242,1,wpbeginner,0.0,sd
385,7.132862,0,1,0,1242,1,wpbeginner,0.0,sd
386,7.132862,0,1,0,1242,1,wpbeginner,0.0,sd
387,7.132862,0,1,0,1242,1,wpbeginner,0.0,sd
388,7.132862,0,1,0,1242,1,wpbeginner,0.0,sd
389,7.132862,0,1,0,1242,1,wpbeginner,0.0,sd
390,7.132862,0,1,0,300,1,wpbeginner,0.0,sd
391,7.132862,0,1,0,1242,1,wpbeginner,0.0,sd
392,7.132862,0,1,0,1242,1,wpbeginner,0.0,sd
393,7.132862,0,1,0,1242,1,wpbeginner,0.0,sd
394,7.132862,0,1,0,1242,1,wpbeginner,0.0,sd
395,7.132862,0,1,0,1242,1,wpbeginner,0.0,sd
396,7.132862,0,1,0,661,1,wpbeginner,0.0,sd
397,7.132862,0,1,0,1242,1,wpbeginner,0.0,sd
398,7.132862,0,1,0,1242,1,wpbeginner,0.0,sd
399,7.132862,0,1,0,1242,1,wpbeginner,0.0,sd
400,7.132862,0,1,0,1242,1,wpbeginner,0.0,sd
