No.,Time,Source,Destination,Protocol,Length,Info,Site,Time Delta,Target
201,3.671123,0,1,0,1050,1,wpbeginner,0.0,sd
202,3.673058,1,0,0,87,1,wpbeginner,0.00193500000000002,sd
203,4.245844,1,0,0,1160,1,wpbeginner,0.5727859999999998,sd
204,4.262252,0,1,0,68,1,wpbeginner,0.0164080000000002,sd
205,4.283403,0,1,0,1242,1,wpbeginner,0.021150999999999698,sd
206,4.283493,0,1,0,1242,1,wpbeginner,9.000000000014552e-05,sd
207,4.283493,0,1,0,1242,1,wpbeginner,0.0,sd
208,4.28537,0,1,0,1242,1,wpbeginner,0.0018770000000003506,sd
209,4.28537,0,1,0,1242,1,wpbeginner,0.0,sd
210,4.28537,0,1,0,1242,1,wpbeginner,0.0,sd
211,4.28537,0,1,0,1242,1,wpbeginner,0.0,sd
212,4.28537,0,1,0,1242,1,wpbeginner,0.0,sd
213,4.28537,0,1,0,1242,1,wpbeginner,0.0,sd
214,4.28537,0,1,0,1242,1,wpbeginner,0.0,sd
215,4.28537,0,1,0,1242,1,wpbeginner,0.0,sd
216,4.28537,0,1,0,1242,1,wpbeginner,0.0,sd
217,4.28537,0,1,0,1242,1,wpbeginner,0.0,sd
218,4.28537,0,1,0,1242,1,wpbeginner,0.0,sd
219,4.28537,0,1,0,1242,1,wpbeginner,0.0,sd
220,4.28537,0,1,0,1242,1,wpbeginner,0.0,sd
221,4.28537,0,1,0,1242,1,wpbeginner,0.0,sd
222,4.28537,0,1,0,1242,1,wpbeginner,0.0,sd
223,4.28537,0,1,0,1242,1,wpbeginner,0.0,sd
224,4.28537,0,1,0,1242,1,wpbeginner,0.0,sd
225,4.28537,0,1,0,1242,1,wpbeginner,0.0,sd
226,4.28537,0,1,0,1242,1,wpbeginner,0.0,sd
227,4.28537,0,1,0,1242,1,wpbeginner,0.0,sd
228,4.28537,0,1,0,1242,1,wpbeginner,0.0,sd
229,4.28537,0,1,0,1242,1,wpbeginner,0.0,sd
230,4.28537,0,1,0,1242,1,wpbeginner,0.0,sd
231,4.28537,0,1,0,1242,1,wpbeginner,0.0,sd
232,4.28537,0,1,0,1242,1,wpbeginner,0.0,sd
233,4.28537,0,1,0,1242,1,wpbeginner,0.0,sd
234,4.28537,0,1,0,1242,1,wpbeginner,0.0,sd
235,4.28537,0,1,0,1242,1,wpbeginner,0.0,sd
236,4.285712,0,1,0,1242,1,wpbeginner,0.00034199999999984243,sd
237,4.285712,0,1,0,882,1,wpbeginner,0.0,sd
238,4.285737,1,0,0,86,1,wpbeginner,2.4999999999941735e-05,sd
239,4.285888,1,0,0,86,1,wpbeginner,0.0001509999999997902,sd
240,4.285997,1,0,0,86,1,wpbeginner,0.00010900000000013677,sd
