No.,Time,Source,Destination,Protocol,Length,Info,Site,Time Delta,Target
321,7.507503,0,1,0,1242,1,wpbeginner,0.0,sd
322,7.514927,1,0,0,87,1,wpbeginner,0.007424000000000319,sd
323,7.521693,0,1,0,366,1,wpbeginner,0.006765999999999828,sd
324,7.521693,0,1,0,1242,1,wpbeginner,0.0,sd
325,7.521693,0,1,0,1242,1,wpbeginner,0.0,sd
326,7.521693,0,1,0,1242,1,wpbeginner,0.0,sd
327,7.521693,0,1,0,1242,1,wpbeginner,0.0,sd
328,7.521693,0,1,0,1242,1,wpbeginner,0.0,sd
329,7.521693,0,1,0,1031,1,wpbeginner,0.0,sd
330,7.521693,0,1,0,1242,1,wpbeginner,0.0,sd
331,7.521693,0,1,0,1242,1,wpbeginner,0.0,sd
332,7.521693,0,1,0,1242,1,wpbeginner,0.0,sd
333,7.521693,0,1,0,1242,1,wpbeginner,0.0,sd
334,7.521693,0,1,0,125,1,wpbeginner,0.0,sd
335,7.521693,0,1,0,1242,1,wpbeginner,0.0,sd
336,7.521693,0,1,0,1242,1,wpbeginner,0.0,sd
337,7.521693,0,1,0,1242,1,wpbeginner,0.0,sd
338,7.521693,0,1,0,1242,1,wpbeginner,0.0,sd
339,7.521693,0,1,0,1242,1,wpbeginner,0.0,sd
340,7.521693,0,1,0,1242,1,wpbeginner,0.0,sd
341,7.521693,0,1,0,653,1,wpbeginner,0.0,sd
342,7.521693,0,1,0,1242,1,wpbeginner,0.0,sd
343,7.521693,0,1,0,1242,1,wpbeginner,0.0,sd
344,7.521693,0,1,0,1242,1,wpbeginner,0.0,sd
345,7.521693,0,1,0,1242,1,wpbeginner,0.0,sd
346,7.521693,0,1,0,1242,1,wpbeginner,0.0,sd
347,7.521693,0,1,0,131,1,wpbeginner,0.0,sd
348,7.521693,0,1,0,1242,1,wpbeginner,0.0,sd
349,7.521693,0,1,0,1242,1,wpbeginner,0.0,sd
350,7.521693,0,1,0,1242,1,wpbeginner,0.0,sd
351,7.521693,0,1,0,1242,1,wpbeginner,0.0,sd
352,7.521693,0,1,0,907,1,wpbeginner,0.0,sd
353,7.522005,0,1,0,1242,1,wpbeginner,0.00031200000000009,sd
354,7.522005,0,1,0,1242,1,wpbeginner,0.0,sd
355,7.522181,1,0,0,86,1,wpbeginner,0.00017599999999973193,sd
356,7.522247,0,1,0,1242,1,wpbeginner,6.600000000034356e-05,sd
357,7.522247,0,1,0,321,1,wpbeginner,0.0,sd
358,7.522318,1,0,0,86,1,wpbeginner,7.100000000015427e-05,sd
359,7.522427,1,0,0,86,1,wpbeginner,0.00010900000000013677,sd
360,7.527492,1,0,0,87,1,wpbeginner,0.005064999999999209,sd
