No.,Time,Source,Destination,Protocol,Length,Info,Site,Time Delta,Target
321,2.02563,0,1,5,1242,15,wpbeginner,0.0,sd
322,2.02563,0,1,5,1242,15,wpbeginner,0.0,sd
323,2.02563,0,1,5,1242,15,wpbeginner,0.0,sd
324,2.02563,0,1,5,1242,15,wpbeginner,0.0,sd
325,2.02563,0,1,5,1242,15,wpbeginner,0.0,sd
326,2.02563,0,1,5,1242,15,wpbeginner,0.0,sd
327,2.02563,0,1,5,1242,15,wpbeginner,0.0,sd
328,2.02563,0,1,5,1242,15,wpbeginner,0.0,sd
329,2.025884,1,0,5,86,15,wpbeginner,0.00025399999999997647,sd
330,2.030421,0,1,5,465,15,wpbeginner,0.004537000000000013,sd
331,2.030599,1,0,5,86,15,wpbeginner,0.00017800000000001148,sd
332,2.039561,0,1,5,66,15,wpbeginner,0.008961999999999914,sd
333,2.114381,0,1,5,1242,15,wpbeginner,0.07481999999999989,sd
334,2.114381,0,1,5,1242,15,wpbeginner,0.0,sd
335,2.114381,0,1,5,1242,15,wpbeginner,0.0,sd
336,2.114381,0,1,5,1242,15,wpbeginner,0.0,sd
337,2.114381,0,1,5,1242,15,wpbeginner,0.0,sd
338,2.114381,0,1,5,1242,15,wpbeginner,0.0,sd
339,2.114381,0,1,5,1242,15,wpbeginner,0.0,sd
340,2.114381,0,1,5,1242,15,wpbeginner,0.0,sd
341,2.114381,0,1,5,1075,15,wpbeginner,0.0,sd
342,2.114381,0,1,5,1242,15,wpbeginner,0.0,sd
343,2.114381,0,1,5,1242,15,wpbeginner,0.0,sd
344,2.114381,0,1,5,1242,15,wpbeginner,0.0,sd
345,2.116485,1,0,5,86,15,wpbeginner,0.002104000000000106,sd
346,2.118685,0,1,5,1242,15,wpbeginner,0.002200000000000202,sd
347,2.118685,0,1,5,1242,15,wpbeginner,0.0,sd
348,2.118685,0,1,5,1242,15,wpbeginner,0.0,sd
349,2.118685,0,1,5,1242,15,wpbeginner,0.0,sd
350,2.118685,0,1,5,1242,15,wpbeginner,0.0,sd
351,2.118685,0,1,5,635,15,wpbeginner,0.0,sd
352,2.120664,1,0,5,87,15,wpbeginner,0.001978999999999953,sd
353,2.782249,1,0,5,1285,15,wpbeginner,0.6615850000000001,sd
354,2.782354,1,0,5,1292,15,wpbeginner,0.00010500000000002174,sd
355,2.782394,1,0,5,126,15,wpbeginner,3.999999999981796e-05,sd
356,2.785689,1,0,5,1017,15,wpbeginner,0.003295000000000048,sd
357,2.802086,0,1,5,66,15,wpbeginner,0.016396999999999995,sd
358,2.805842,0,1,5,67,15,wpbeginner,0.0037560000000000926,sd
359,2.805842,0,1,5,211,15,wpbeginner,0.0,sd
360,2.816085,1,0,5,87,15,wpbeginner,0.010243000000000002,sd
