No.,Time,Source,Destination,Protocol,Length,Info,Site,Time Delta,Target
41,0.637241,0,1,0,1242,1,wpbeginner,0.0005129999999999857,sd
42,0.637241,0,1,0,1242,1,wpbeginner,0.0,sd
43,0.637241,0,1,0,1242,1,wpbeginner,0.0,sd
44,0.637241,0,1,0,1242,1,wpbeginner,0.0,sd
45,0.637241,0,1,0,1242,1,wpbeginner,0.0,sd
46,0.637241,0,1,0,1242,1,wpbeginner,0.0,sd
47,0.637241,0,1,0,1242,1,wpbeginner,0.0,sd
48,0.637241,0,1,0,1242,1,wpbeginner,0.0,sd
49,0.637241,0,1,0,1242,1,wpbeginner,0.0,sd
50,0.637241,0,1,0,1242,1,wpbeginner,0.0,sd
51,0.637648,1,0,0,86,1,wpbeginner,0.0004070000000000462,sd
52,0.637952,0,1,0,1242,1,wpbeginner,0.00030399999999997096,sd
53,0.637952,0,1,0,882,1,wpbeginner,0.0,sd
54,0.644759,1,0,0,87,1,wpbeginner,0.0068070000000000075,sd
55,0.652891,0,1,0,1242,1,wpbeginner,0.008132000000000028,sd
56,0.652891,0,1,0,1242,1,wpbeginner,0.0,sd
57,0.652891,0,1,0,1242,1,wpbeginner,0.0,sd
58,0.653222,0,1,0,1242,1,wpbeginner,0.0003309999999999702,sd
59,0.653222,0,1,0,1242,1,wpbeginner,0.0,sd
60,0.653222,0,1,0,1242,1,wpbeginner,0.0,sd
61,0.653222,0,1,0,1242,1,wpbeginner,0.0,sd
62,0.65362,0,1,0,492,1,wpbeginner,0.00039800000000000946,sd
63,0.659888,1,0,0,87,1,wpbeginner,0.006268000000000051,sd
64,4.647348,1,0,0,1086,1,wpbeginner,3.98746,sd
65,4.663508,0,1,0,67,1,wpbeginner,0.016160000000000174,sd
66,4.866291,1,0,0,83,1,wpbeginner,0.20278300000000016,sd
67,4.881772,0,1,0,66,1,wpbeginner,0.015480999999999412,sd
68,5.087066,1,0,0,83,1,wpbeginner,0.2052940000000003,sd
69,5.10253,0,1,0,66,1,wpbeginner,0.0154639999999997,sd
70,5.317622,1,0,0,83,1,wpbeginner,0.21509200000000028,sd
71,5.333263,0,1,0,66,1,wpbeginner,0.015640999999999572,sd
72,5.535214,1,0,0,83,1,wpbeginner,0.2019510000000002,sd
73,5.551272,0,1,0,66,1,wpbeginner,0.016058000000000128,sd
74,5.75616,1,0,0,83,1,wpbeginner,0.2048880000000004,sd
75,5.771583,0,1,0,66,1,wpbeginner,0.015422999999999298,sd
76,5.973239,1,0,0,83,1,wpbeginner,0.20165600000000072,sd
77,5.989744,0,1,0,66,1,wpbeginner,0.016504999999999548,sd
78,6.394969,1,0,0,83,1,wpbeginner,0.4052249999999997,sd
79,6.410327,0,1,0,66,1,wpbeginner,0.015357999999999983,sd
80,6.515974,0,1,0,690,1,wpbeginner,0.10564700000000027,sd
